{
    "epoch": 10.0,
    "eval_accuracy": 0.9905757752546784,
    "eval_f1": 0.8424242424242424,
    "eval_loss": 0.06883074343204498,
    "eval_precision": 0.8437025796661608,
    "eval_recall": 0.8411497730711044,
    "eval_runtime": 2.2928,
    "eval_samples": 1940,
    "eval_samples_per_second": 846.121,
    "eval_steps_per_second": 105.983,
    "predict_accuracy": 0.9908332847881628,
    "predict_f1": 0.8262537681556591,
    "predict_loss": 0.06614977866411209,
    "predict_precision": 0.8144246353322528,
    "predict_recall": 0.8384315906562848,
    "predict_runtime": 12.7215,
    "predict_samples_per_second": 877.887,
    "predict_steps_per_second": 109.736,
    "total_flos": 5958499758698808.0,
    "train_loss": 0.011904963669486535,
    "train_runtime": 798.3319,
    "train_samples": 17457,
    "train_samples_per_second": 218.668,
    "train_steps_per_second": 13.679
}