{
    "epoch": 10.0,
    "eval_accuracy": 0.9915801969750264,
    "eval_f1": 0.8387553041018388,
    "eval_loss": 0.060548145323991776,
    "eval_precision": 0.8316970546984572,
    "eval_recall": 0.8459343794579173,
    "eval_runtime": 2.3313,
    "eval_samples": 1939,
    "eval_samples_per_second": 831.713,
    "eval_steps_per_second": 104.232,
    "predict_accuracy": 0.9911994540748816,
    "predict_f1": 0.8294286888614879,
    "predict_loss": 0.06191626563668251,
    "predict_precision": 0.8174453146097759,
    "predict_recall": 0.8417686318131257,
    "predict_runtime": 12.7513,
    "predict_samples_per_second": 875.832,
    "predict_steps_per_second": 109.479,
    "total_flos": 5955412142154708.0,
    "train_loss": 0.012101711518380232,
    "train_runtime": 793.6856,
    "train_samples": 17458,
    "train_samples_per_second": 219.961,
    "train_steps_per_second": 13.759
}