{
    "epoch": 15.0,
    "predict_ANAT_f1": 0.7368421052631577,
    "predict_ANAT_number": 17,
    "predict_ANAT_precision": 0.6666666666666666,
    "predict_ANAT_recall": 0.8235294117647058,
    "predict_CHEM_f1": 0.8131868131868131,
    "predict_CHEM_number": 42,
    "predict_CHEM_precision": 0.7551020408163265,
    "predict_CHEM_recall": 0.8809523809523809,
    "predict_DISO_f1": 0.611764705882353,
    "predict_DISO_number": 41,
    "predict_DISO_precision": 0.5909090909090909,
    "predict_DISO_recall": 0.6341463414634146,
    "predict_PROC_f1": 0.0,
    "predict_PROC_number": 7,
    "predict_PROC_precision": 0.0,
    "predict_PROC_recall": 0.0,
    "predict_loss": 0.2007041871547699,
    "predict_overall_accuracy": 0.9513633014001474,
    "predict_overall_f1": 0.6968325791855204,
    "predict_overall_precision": 0.6754385964912281,
    "predict_overall_recall": 0.719626168224299,
    "predict_runtime": 1.342,
    "predict_samples_per_second": 37.257,
    "predict_steps_per_second": 5.216,
    "total_flos": 352855627130412.0,
    "train_loss": 0.20791765848795574,
    "train_runtime": 27.609,
    "train_samples": 447,
    "train_samples_per_second": 242.855,
    "train_steps_per_second": 7.606
}