{
    "predict_accuracy": 0.9584685269305646,
    "predict_f1": 0.751937984496124,
    "predict_loss": 0.1728346049785614,
    "predict_precision": 0.7132352941176471,
    "predict_recall": 0.7950819672131147,
    "predict_runtime": 0.0796,
    "predict_samples_per_second": 628.099,
    "predict_steps_per_second": 87.934
}