{
    "predict_ANAT_f1": 0.7999999999999999,
    "predict_ANAT_number": 23,
    "predict_ANAT_precision": 0.7407407407407407,
    "predict_ANAT_recall": 0.8695652173913043,
    "predict_CHEM_f1": 0.75,
    "predict_CHEM_number": 54,
    "predict_CHEM_precision": 0.7241379310344828,
    "predict_CHEM_recall": 0.7777777777777778,
    "predict_DISO_f1": 0.6122448979591836,
    "predict_DISO_number": 25,
    "predict_DISO_precision": 0.625,
    "predict_DISO_recall": 0.6,
    "predict_PROC_f1": 0.0,
    "predict_PROC_number": 5,
    "predict_PROC_precision": 0.0,
    "predict_PROC_recall": 0.0,
    "predict_loss": 0.2677319347858429,
    "predict_overall_accuracy": 0.945985401459854,
    "predict_overall_f1": 0.7129629629629629,
    "predict_overall_precision": 0.7064220183486238,
    "predict_overall_recall": 0.719626168224299,
    "predict_runtime": 2.1197,
    "predict_samples_per_second": 23.588,
    "predict_steps_per_second": 3.302
}