{
    "predict_ANAT_f1": 0.64,
    "predict_ANAT_number": 26,
    "predict_ANAT_precision": 0.6666666666666666,
    "predict_ANAT_recall": 0.6153846153846154,
    "predict_CHEM_f1": 0.7128712871287128,
    "predict_CHEM_number": 46,
    "predict_CHEM_precision": 0.6545454545454545,
    "predict_CHEM_recall": 0.782608695652174,
    "predict_DISO_f1": 0.76,
    "predict_DISO_number": 49,
    "predict_DISO_precision": 0.7450980392156863,
    "predict_DISO_recall": 0.7755102040816326,
    "predict_PROC_f1": 0.0,
    "predict_PROC_number": 14,
    "predict_PROC_precision": 0.0,
    "predict_PROC_recall": 0.0,
    "predict_loss": 0.26413676142692566,
    "predict_overall_accuracy": 0.9365889212827988,
    "predict_overall_f1": 0.6766917293233083,
    "predict_overall_precision": 0.6870229007633588,
    "predict_overall_recall": 0.6666666666666666,
    "predict_runtime": 0.0765,
    "predict_samples_per_second": 653.821,
    "predict_steps_per_second": 91.535
}