{
    "predict_ANAT_f1": 0.7142857142857142,
    "predict_ANAT_number": 13,
    "predict_ANAT_precision": 0.6666666666666666,
    "predict_ANAT_recall": 0.7692307692307693,
    "predict_CHEM_f1": 0.7572815533980581,
    "predict_CHEM_number": 47,
    "predict_CHEM_precision": 0.6964285714285714,
    "predict_CHEM_recall": 0.8297872340425532,
    "predict_DISO_f1": 0.7586206896551724,
    "predict_DISO_number": 42,
    "predict_DISO_precision": 0.7333333333333333,
    "predict_DISO_recall": 0.7857142857142857,
    "predict_PROC_f1": 0.0,
    "predict_PROC_number": 4,
    "predict_PROC_precision": 0.0,
    "predict_PROC_recall": 0.0,
    "predict_loss": 0.20502910017967224,
    "predict_overall_accuracy": 0.9516019086571234,
    "predict_overall_f1": 0.7387387387387387,
    "predict_overall_precision": 0.7068965517241379,
    "predict_overall_recall": 0.7735849056603774,
    "predict_runtime": 0.0734,
    "predict_samples_per_second": 680.849,
    "predict_steps_per_second": 95.319
}