{
    "predict_accuracy": 0.942200557103064,
    "predict_f1": 0.7415730337078651,
    "predict_loss": 0.2760309875011444,
    "predict_precision": 0.7333333333333333,
    "predict_recall": 0.75,
    "predict_runtime": 0.0754,
    "predict_samples_per_second": 650.047,
    "predict_steps_per_second": 92.864
}