{
    "predict_ANAT_f1": 0.7142857142857142,
    "predict_ANAT_number": 13,
    "predict_ANAT_precision": 0.6666666666666666,
    "predict_ANAT_recall": 0.7692307692307693,
    "predict_CHEM_f1": 0.7114093959731543,
    "predict_CHEM_number": 67,
    "predict_CHEM_precision": 0.6463414634146342,
    "predict_CHEM_recall": 0.7910447761194029,
    "predict_DISO_f1": 0.7246376811594202,
    "predict_DISO_number": 34,
    "predict_DISO_precision": 0.7142857142857143,
    "predict_DISO_recall": 0.7352941176470589,
    "predict_PROC_f1": 0.25,
    "predict_PROC_number": 6,
    "predict_PROC_precision": 0.5,
    "predict_PROC_recall": 0.16666666666666666,
    "predict_loss": 0.24369274079799652,
    "predict_overall_accuracy": 0.9446130500758725,
    "predict_overall_f1": 0.7007874015748032,
    "predict_overall_precision": 0.664179104477612,
    "predict_overall_recall": 0.7416666666666667,
    "predict_runtime": 0.1516,
    "predict_samples_per_second": 329.904,
    "predict_steps_per_second": 46.187
}