{
    "predict_accuracy": 0.9516019086571234,
    "predict_f1": 0.7387387387387387,
    "predict_loss": 0.20502914488315582,
    "predict_precision": 0.7068965517241379,
    "predict_recall": 0.7735849056603774,
    "predict_runtime": 0.0739,
    "predict_samples_per_second": 676.171,
    "predict_steps_per_second": 94.664
}