{
    "predict_ANAT_f1": 0.8000000000000002,
    "predict_ANAT_number": 20,
    "predict_ANAT_precision": 0.8,
    "predict_ANAT_recall": 0.8,
    "predict_CHEM_f1": 0.7575757575757576,
    "predict_CHEM_number": 63,
    "predict_CHEM_precision": 0.7246376811594203,
    "predict_CHEM_recall": 0.7936507936507936,
    "predict_DISO_f1": 0.6915887850467289,
    "predict_DISO_number": 51,
    "predict_DISO_precision": 0.6607142857142857,
    "predict_DISO_recall": 0.7254901960784313,
    "predict_PROC_f1": 0.0,
    "predict_PROC_number": 5,
    "predict_PROC_precision": 0.0,
    "predict_PROC_recall": 0.0,
    "predict_loss": 0.24749557673931122,
    "predict_overall_accuracy": 0.943884892086331,
    "predict_overall_f1": 0.7228070175438597,
    "predict_overall_precision": 0.7054794520547946,
    "predict_overall_recall": 0.7410071942446043,
    "predict_runtime": 0.0761,
    "predict_samples_per_second": 643.655,
    "predict_steps_per_second": 91.951
}