{
    "predict_ANAT_f1": 0.6956521739130435,
    "predict_ANAT_number": 20,
    "predict_ANAT_precision": 0.6153846153846154,
    "predict_ANAT_recall": 0.8,
    "predict_CHEM_f1": 0.8429752066115702,
    "predict_CHEM_number": 57,
    "predict_CHEM_precision": 0.796875,
    "predict_CHEM_recall": 0.8947368421052632,
    "predict_DISO_f1": 0.7594936708860759,
    "predict_DISO_number": 34,
    "predict_DISO_precision": 0.6666666666666666,
    "predict_DISO_recall": 0.8823529411764706,
    "predict_PROC_f1": 0.0,
    "predict_PROC_number": 11,
    "predict_PROC_precision": 0.0,
    "predict_PROC_recall": 0.0,
    "predict_loss": 0.17283514142036438,
    "predict_overall_accuracy": 0.9584685269305646,
    "predict_overall_f1": 0.751937984496124,
    "predict_overall_precision": 0.7132352941176471,
    "predict_overall_recall": 0.7950819672131147,
    "predict_runtime": 0.0808,
    "predict_samples_per_second": 619.111,
    "predict_steps_per_second": 86.676
}