{
    "predict_ANAT_f1": 0.5185185185185186,
    "predict_ANAT_number": 13,
    "predict_ANAT_precision": 0.5,
    "predict_ANAT_recall": 0.5384615384615384,
    "predict_CHEM_f1": 0.7603305785123968,
    "predict_CHEM_number": 55,
    "predict_CHEM_precision": 0.696969696969697,
    "predict_CHEM_recall": 0.8363636363636363,
    "predict_DISO_f1": 0.8288288288288288,
    "predict_DISO_number": 57,
    "predict_DISO_precision": 0.8518518518518519,
    "predict_DISO_recall": 0.8070175438596491,
    "predict_PROC_f1": 0.0,
    "predict_PROC_number": 7,
    "predict_PROC_precision": 0.0,
    "predict_PROC_recall": 0.0,
    "predict_loss": 0.2760309875011444,
    "predict_overall_accuracy": 0.942200557103064,
    "predict_overall_f1": 0.7415730337078651,
    "predict_overall_precision": 0.7333333333333333,
    "predict_overall_recall": 0.75,
    "predict_runtime": 0.0761,
    "predict_samples_per_second": 643.959,
    "predict_steps_per_second": 91.994
}