{
    "predict_accuracy": 0.9446130500758725,
    "predict_f1": 0.7007874015748032,
    "predict_loss": 0.24369275569915771,
    "predict_precision": 0.664179104477612,
    "predict_recall": 0.7416666666666667,
    "predict_runtime": 0.0744,
    "predict_samples_per_second": 671.734,
    "predict_steps_per_second": 94.043
}