{
    "predict_ANAT_f1": 0.761904761904762,
    "predict_ANAT_number": 30,
    "predict_ANAT_precision": 0.7272727272727273,
    "predict_ANAT_recall": 0.8,
    "predict_CHEM_f1": 0.8737864077669903,
    "predict_CHEM_number": 51,
    "predict_CHEM_precision": 0.8653846153846154,
    "predict_CHEM_recall": 0.8823529411764706,
    "predict_DISO_f1": 0.6071428571428571,
    "predict_DISO_number": 28,
    "predict_DISO_precision": 0.6071428571428571,
    "predict_DISO_recall": 0.6071428571428571,
    "predict_PROC_f1": 0.0,
    "predict_PROC_number": 0,
    "predict_PROC_precision": 0.0,
    "predict_PROC_recall": 0.0,
    "predict_loss": 0.15858086943626404,
    "predict_overall_accuracy": 0.9637377963737797,
    "predict_overall_f1": 0.7644444444444446,
    "predict_overall_precision": 0.7413793103448276,
    "predict_overall_recall": 0.7889908256880734,
    "predict_runtime": 0.0756,
    "predict_samples_per_second": 661.673,
    "predict_steps_per_second": 92.634
}