{
    "predict_ANAT_f1": 0.6153846153846154,
    "predict_ANAT_number": 26,
    "predict_ANAT_precision": 0.6153846153846154,
    "predict_ANAT_recall": 0.6153846153846154,
    "predict_CHEM_f1": 0.8076923076923077,
    "predict_CHEM_number": 52,
    "predict_CHEM_precision": 0.8076923076923077,
    "predict_CHEM_recall": 0.8076923076923077,
    "predict_DISO_f1": 0.6391752577319587,
    "predict_DISO_number": 44,
    "predict_DISO_precision": 0.5849056603773585,
    "predict_DISO_recall": 0.7045454545454546,
    "predict_PROC_f1": 0.13333333333333336,
    "predict_PROC_number": 13,
    "predict_PROC_precision": 0.5,
    "predict_PROC_recall": 0.07692307692307693,
    "predict_loss": 0.26913946866989136,
    "predict_overall_accuracy": 0.9342004590665647,
    "predict_overall_f1": 0.6716417910447762,
    "predict_overall_precision": 0.6766917293233082,
    "predict_overall_recall": 0.6666666666666666,
    "predict_runtime": 0.0679,
    "predict_samples_per_second": 721.209,
    "predict_steps_per_second": 103.03
}