{
    "epoch": 10.0,
    "eval_accuracy": 0.9915836251009965,
    "eval_f1": 0.8470588235294118,
    "eval_loss": 0.06422565132379532,
    "eval_precision": 0.8384279475982532,
    "eval_recall": 0.8558692421991084,
    "eval_runtime": 2.2895,
    "eval_samples": 1940,
    "eval_samples_per_second": 847.362,
    "eval_steps_per_second": 106.139,
    "predict_accuracy": 0.991299318425805,
    "predict_f1": 0.8259619334520061,
    "predict_loss": 0.061561036854982376,
    "predict_precision": 0.8135958996493121,
    "predict_recall": 0.8387096774193549,
    "predict_runtime": 12.6716,
    "predict_samples_per_second": 881.344,
    "predict_steps_per_second": 110.168,
    "total_flos": 5960170644081516.0,
    "train_loss": 0.011949417830168545,
    "train_runtime": 779.7461,
    "train_samples": 17457,
    "train_samples_per_second": 223.881,
    "train_steps_per_second": 14.005
}