{
    "epoch": 10.0,
    "eval_accuracy": 0.9926384774216716,
    "eval_f1": 0.8732600732600732,
    "eval_loss": 0.05593067780137062,
    "eval_precision": 0.861271676300578,
    "eval_recall": 0.8855869242199108,
    "eval_runtime": 2.2336,
    "eval_samples": 1940,
    "eval_samples_per_second": 868.54,
    "eval_steps_per_second": 108.791,
    "predict_accuracy": 0.9907459034811048,
    "predict_f1": 0.8215359387810878,
    "predict_loss": 0.06694962829351425,
    "predict_precision": 0.8076303062869425,
    "predict_recall": 0.835928809788654,
    "predict_runtime": 12.3685,
    "predict_samples_per_second": 902.941,
    "predict_steps_per_second": 112.868,
    "total_flos": 5681138909367384.0,
    "train_loss": 0.012165693139091079,
    "train_runtime": 780.9082,
    "train_samples": 17457,
    "train_samples_per_second": 223.547,
    "train_steps_per_second": 13.984
}