{
    "epoch": 10.0,
    "eval_accuracy": 0.9917285502113561,
    "eval_f1": 0.8489932885906041,
    "eval_loss": 0.06036423519253731,
    "eval_precision": 0.8377483443708609,
    "eval_recall": 0.8605442176870748,
    "eval_runtime": 2.1753,
    "eval_samples": 1940,
    "eval_samples_per_second": 891.821,
    "eval_steps_per_second": 111.707,
    "predict_accuracy": 0.9910871066800929,
    "predict_f1": 0.824220885729907,
    "predict_loss": 0.06531576067209244,
    "predict_precision": 0.8104838709677419,
    "predict_recall": 0.8384315906562848,
    "predict_runtime": 12.5632,
    "predict_samples_per_second": 888.947,
    "predict_steps_per_second": 111.118,
    "total_flos": 5697264943674900.0,
    "train_loss": 0.011916177360948188,
    "train_runtime": 774.801,
    "train_samples": 17457,
    "train_samples_per_second": 225.309,
    "train_steps_per_second": 14.094
}