{
    "epoch": 10.0,
    "eval_accuracy": 0.9917285502113561,
    "eval_f1": 0.8489932885906041,
    "eval_loss": 0.06036423519253731,
    "eval_precision": 0.8377483443708609,
    "eval_recall": 0.8605442176870748,
    "eval_runtime": 2.1753,
    "eval_samples": 1940,
    "eval_samples_per_second": 891.821,
    "eval_steps_per_second": 111.707
}