{
    "predict_ANAT_f1": 0.7916666666666666,
    "predict_ANAT_number": 26,
    "predict_ANAT_precision": 0.8636363636363636,
    "predict_ANAT_recall": 0.7307692307692307,
    "predict_CHEM_f1": 0.7142857142857143,
    "predict_CHEM_number": 46,
    "predict_CHEM_precision": 0.6730769230769231,
    "predict_CHEM_recall": 0.7608695652173914,
    "predict_DISO_f1": 0.8076923076923076,
    "predict_DISO_number": 49,
    "predict_DISO_precision": 0.7636363636363637,
    "predict_DISO_recall": 0.8571428571428571,
    "predict_PROC_f1": 0.18181818181818182,
    "predict_PROC_number": 14,
    "predict_PROC_precision": 0.25,
    "predict_PROC_recall": 0.14285714285714285,
    "predict_loss": 0.2181605100631714,
    "predict_overall_accuracy": 0.9482507288629738,
    "predict_overall_f1": 0.7205882352941175,
    "predict_overall_precision": 0.7153284671532847,
    "predict_overall_recall": 0.725925925925926,
    "predict_runtime": 0.0761,
    "predict_samples_per_second": 657.126,
    "predict_steps_per_second": 91.998
}