{
    "predict_ANAT_f1": 0.8108108108108107,
    "predict_ANAT_number": 17,
    "predict_ANAT_precision": 0.75,
    "predict_ANAT_recall": 0.8823529411764706,
    "predict_CHEM_f1": 0.8089887640449439,
    "predict_CHEM_number": 42,
    "predict_CHEM_precision": 0.7659574468085106,
    "predict_CHEM_recall": 0.8571428571428571,
    "predict_DISO_f1": 0.6744186046511628,
    "predict_DISO_number": 41,
    "predict_DISO_precision": 0.6444444444444445,
    "predict_DISO_recall": 0.7073170731707317,
    "predict_PROC_f1": 0.16666666666666666,
    "predict_PROC_number": 7,
    "predict_PROC_precision": 0.2,
    "predict_PROC_recall": 0.14285714285714285,
    "predict_loss": 0.18461178243160248,
    "predict_overall_accuracy": 0.9543109801031687,
    "predict_overall_f1": 0.7232142857142857,
    "predict_overall_precision": 0.6923076923076923,
    "predict_overall_recall": 0.7570093457943925,
    "predict_runtime": 0.0733,
    "predict_samples_per_second": 681.981,
    "predict_steps_per_second": 95.477
}