{
    "predict_ANAT_f1": 0.7407407407407408,
    "predict_ANAT_number": 13,
    "predict_ANAT_precision": 0.7142857142857143,
    "predict_ANAT_recall": 0.7692307692307693,
    "predict_CHEM_f1": 0.8627450980392157,
    "predict_CHEM_number": 47,
    "predict_CHEM_precision": 0.8,
    "predict_CHEM_recall": 0.9361702127659575,
    "predict_DISO_f1": 0.7058823529411765,
    "predict_DISO_number": 42,
    "predict_DISO_precision": 0.6976744186046512,
    "predict_DISO_recall": 0.7142857142857143,
    "predict_PROC_f1": 0.18181818181818182,
    "predict_PROC_number": 4,
    "predict_PROC_precision": 0.14285714285714285,
    "predict_PROC_recall": 0.25,
    "predict_loss": 0.17521700263023376,
    "predict_overall_accuracy": 0.9591002044989775,
    "predict_overall_f1": 0.7555555555555555,
    "predict_overall_precision": 0.7142857142857143,
    "predict_overall_recall": 0.8018867924528302,
    "predict_runtime": 0.0731,
    "predict_samples_per_second": 684.404,
    "predict_steps_per_second": 95.817
}