{
    "predict_ANAT_f1": 0.8571428571428572,
    "predict_ANAT_number": 23,
    "predict_ANAT_precision": 0.8076923076923077,
    "predict_ANAT_recall": 0.9130434782608695,
    "predict_CHEM_f1": 0.817391304347826,
    "predict_CHEM_number": 54,
    "predict_CHEM_precision": 0.7704918032786885,
    "predict_CHEM_recall": 0.8703703703703703,
    "predict_DISO_f1": 0.6530612244897959,
    "predict_DISO_number": 25,
    "predict_DISO_precision": 0.6666666666666666,
    "predict_DISO_recall": 0.64,
    "predict_PROC_f1": 0.0,
    "predict_PROC_number": 5,
    "predict_PROC_precision": 0.0,
    "predict_PROC_recall": 0.0,
    "predict_loss": 0.2508942484855652,
    "predict_overall_accuracy": 0.9576642335766423,
    "predict_overall_f1": 0.7567567567567568,
    "predict_overall_precision": 0.7304347826086957,
    "predict_overall_recall": 0.7850467289719626,
    "predict_runtime": 0.0723,
    "predict_samples_per_second": 691.908,
    "predict_steps_per_second": 96.867
}