{
    "predict_ANAT_f1": 0.8717948717948718,
    "predict_ANAT_number": 20,
    "predict_ANAT_precision": 0.8947368421052632,
    "predict_ANAT_recall": 0.85,
    "predict_CHEM_f1": 0.8030303030303031,
    "predict_CHEM_number": 63,
    "predict_CHEM_precision": 0.7681159420289855,
    "predict_CHEM_recall": 0.8412698412698413,
    "predict_DISO_f1": 0.7289719626168223,
    "predict_DISO_number": 51,
    "predict_DISO_precision": 0.6964285714285714,
    "predict_DISO_recall": 0.7647058823529411,
    "predict_PROC_f1": 0.25,
    "predict_PROC_number": 5,
    "predict_PROC_precision": 0.3333333333333333,
    "predict_PROC_recall": 0.2,
    "predict_loss": 0.21296124160289764,
    "predict_overall_accuracy": 0.9525179856115108,
    "predict_overall_f1": 0.7692307692307693,
    "predict_overall_precision": 0.7482993197278912,
    "predict_overall_recall": 0.7913669064748201,
    "predict_runtime": 0.076,
    "predict_samples_per_second": 644.729,
    "predict_steps_per_second": 92.104
}