{
    "predict_ANAT_f1": 0.8292682926829269,
    "predict_ANAT_number": 20,
    "predict_ANAT_precision": 0.8095238095238095,
    "predict_ANAT_recall": 0.85,
    "predict_CHEM_f1": 0.9391304347826087,
    "predict_CHEM_number": 57,
    "predict_CHEM_precision": 0.9310344827586207,
    "predict_CHEM_recall": 0.9473684210526315,
    "predict_DISO_f1": 0.8108108108108107,
    "predict_DISO_number": 34,
    "predict_DISO_precision": 0.75,
    "predict_DISO_recall": 0.8823529411764706,
    "predict_PROC_f1": 0.3529411764705882,
    "predict_PROC_number": 11,
    "predict_PROC_precision": 0.5,
    "predict_PROC_recall": 0.2727272727272727,
    "predict_loss": 0.1465182900428772,
    "predict_overall_accuracy": 0.9688513951979234,
    "predict_overall_f1": 0.8421052631578947,
    "predict_overall_precision": 0.832,
    "predict_overall_recall": 0.8524590163934426,
    "predict_runtime": 0.0802,
    "predict_samples_per_second": 623.534,
    "predict_steps_per_second": 87.295
}