{
    "predict_ANAT_f1": 0.8307692307692307,
    "predict_ANAT_number": 30,
    "predict_ANAT_precision": 0.7714285714285715,
    "predict_ANAT_recall": 0.9,
    "predict_CHEM_f1": 0.8712871287128714,
    "predict_CHEM_number": 51,
    "predict_CHEM_precision": 0.88,
    "predict_CHEM_recall": 0.8627450980392157,
    "predict_DISO_f1": 0.5862068965517241,
    "predict_DISO_number": 28,
    "predict_DISO_precision": 0.5666666666666667,
    "predict_DISO_recall": 0.6071428571428571,
    "predict_PROC_f1": 0.0,
    "predict_PROC_number": 0,
    "predict_PROC_precision": 0.0,
    "predict_PROC_recall": 0.0,
    "predict_loss": 0.17689406871795654,
    "predict_overall_accuracy": 0.9602510460251046,
    "predict_overall_f1": 0.7652173913043478,
    "predict_overall_precision": 0.7272727272727273,
    "predict_overall_recall": 0.8073394495412844,
    "predict_runtime": 0.0755,
    "predict_samples_per_second": 662.214,
    "predict_steps_per_second": 92.71
}