{
    "predict_accuracy": 0.9525179856115108,
    "predict_f1": 0.7692307692307693,
    "predict_loss": 0.21296118199825287,
    "predict_precision": 0.7482993197278912,
    "predict_recall": 0.7913669064748201,
    "predict_runtime": 0.076,
    "predict_samples_per_second": 644.846,
    "predict_steps_per_second": 92.121
}