{
    "predict_accuracy": 0.9543109801031687,
    "predict_f1": 0.7232142857142857,
    "predict_loss": 0.18461178243160248,
    "predict_precision": 0.6923076923076923,
    "predict_recall": 0.7570093457943925,
    "predict_runtime": 0.0722,
    "predict_samples_per_second": 692.155,
    "predict_steps_per_second": 96.902
}