{
    "predict_ANAT_f1": 0.5806451612903226,
    "predict_ANAT_number": 13,
    "predict_ANAT_precision": 0.5,
    "predict_ANAT_recall": 0.6923076923076923,
    "predict_CHEM_f1": 0.8070175438596492,
    "predict_CHEM_number": 55,
    "predict_CHEM_precision": 0.7796610169491526,
    "predict_CHEM_recall": 0.8363636363636363,
    "predict_DISO_f1": 0.8034188034188033,
    "predict_DISO_number": 57,
    "predict_DISO_precision": 0.7833333333333333,
    "predict_DISO_recall": 0.8245614035087719,
    "predict_PROC_f1": 0.2,
    "predict_PROC_number": 7,
    "predict_PROC_precision": 0.3333333333333333,
    "predict_PROC_recall": 0.14285714285714285,
    "predict_loss": 0.27086904644966125,
    "predict_overall_accuracy": 0.9435933147632312,
    "predict_overall_f1": 0.7573529411764706,
    "predict_overall_precision": 0.7357142857142858,
    "predict_overall_recall": 0.7803030303030303,
    "predict_runtime": 0.0759,
    "predict_samples_per_second": 645.691,
    "predict_steps_per_second": 92.242
}