{
    "predict_ANAT_f1": 0.6923076923076923,
    "predict_ANAT_number": 13,
    "predict_ANAT_precision": 0.6923076923076923,
    "predict_ANAT_recall": 0.6923076923076923,
    "predict_CHEM_f1": 0.7346938775510204,
    "predict_CHEM_number": 67,
    "predict_CHEM_precision": 0.675,
    "predict_CHEM_recall": 0.8059701492537313,
    "predict_DISO_f1": 0.8181818181818182,
    "predict_DISO_number": 34,
    "predict_DISO_precision": 0.84375,
    "predict_DISO_recall": 0.7941176470588235,
    "predict_PROC_f1": 0.5714285714285715,
    "predict_PROC_number": 6,
    "predict_PROC_precision": 0.5,
    "predict_PROC_recall": 0.6666666666666666,
    "predict_loss": 0.23966991901397705,
    "predict_overall_accuracy": 0.9461305007587253,
    "predict_overall_f1": 0.7430830039525692,
    "predict_overall_precision": 0.706766917293233,
    "predict_overall_recall": 0.7833333333333333,
    "predict_runtime": 0.0737,
    "predict_samples_per_second": 678.754,
    "predict_steps_per_second": 95.026
}