{
    "predict_ANAT_f1": 0.7692307692307693,
    "predict_ANAT_number": 26,
    "predict_ANAT_precision": 0.7692307692307693,
    "predict_ANAT_recall": 0.7692307692307693,
    "predict_CHEM_f1": 0.7572815533980582,
    "predict_CHEM_number": 52,
    "predict_CHEM_precision": 0.7647058823529411,
    "predict_CHEM_recall": 0.75,
    "predict_DISO_f1": 0.6956521739130435,
    "predict_DISO_number": 44,
    "predict_DISO_precision": 0.6666666666666666,
    "predict_DISO_recall": 0.7272727272727273,
    "predict_PROC_f1": 0.6363636363636364,
    "predict_PROC_number": 13,
    "predict_PROC_precision": 0.7777777777777778,
    "predict_PROC_recall": 0.5384615384615384,
    "predict_loss": 0.27665627002716064,
    "predict_overall_accuracy": 0.9426166794185157,
    "predict_overall_f1": 0.7286245353159853,
    "predict_overall_precision": 0.7313432835820896,
    "predict_overall_recall": 0.725925925925926,
    "predict_runtime": 0.0683,
    "predict_samples_per_second": 716.99,
    "predict_steps_per_second": 102.427
}