{
    "epoch": 10.0,
    "eval_NORMALIZABLES_f1": 0.9578059071729959,
    "eval_NORMALIZABLES_number": 237,
    "eval_NORMALIZABLES_precision": 0.9578059071729957,
    "eval_NORMALIZABLES_recall": 0.9578059071729957,
    "eval_NO_NORMALIZABLES_f1": 0.0,
    "eval_NO_NORMALIZABLES_number": 2,
    "eval_NO_NORMALIZABLES_precision": 0.0,
    "eval_NO_NORMALIZABLES_recall": 0.0,
    "eval_PROTEINAS_f1": 0.9196675900277007,
    "eval_PROTEINAS_number": 179,
    "eval_PROTEINAS_precision": 0.9120879120879121,
    "eval_PROTEINAS_recall": 0.9273743016759777,
    "eval_UNCLEAR_f1": 0.8750000000000001,
    "eval_UNCLEAR_number": 9,
    "eval_UNCLEAR_precision": 1.0,
    "eval_UNCLEAR_recall": 0.7777777777777778,
    "eval_loss": 0.013748349621891975,
    "eval_overall_accuracy": 0.9975826344351258,
    "eval_overall_f1": 0.9345794392523364,
    "eval_overall_precision": 0.9324009324009324,
    "eval_overall_recall": 0.936768149882904,
    "eval_runtime": 0.8807,
    "eval_samples": 813,
    "eval_samples_per_second": 923.171,
    "eval_steps_per_second": 115.822
}