{
    "epoch": 10.0,
    "eval_accuracy": 0.9937567616300036,
    "eval_f1": 0.8812709030100334,
    "eval_loss": 0.041949715465307236,
    "eval_precision": 0.8725165562913907,
    "eval_recall": 0.8902027027027027,
    "eval_runtime": 2.0068,
    "eval_samples": 1940,
    "eval_samples_per_second": 966.73,
    "eval_steps_per_second": 121.09,
    "predict_accuracy": 0.9920066909115118,
    "predict_f1": 0.8403819918144612,
    "predict_loss": 0.05621285364031792,
    "predict_precision": 0.8248527048741296,
    "predict_recall": 0.8565072302558399,
    "predict_runtime": 11.6842,
    "predict_samples_per_second": 955.824,
    "predict_steps_per_second": 119.478,
    "total_flos": 4640796880648488.0,
    "train_loss": 0.009461545764772228,
    "train_runtime": 766.8508,
    "train_samples": 17457,
    "train_samples_per_second": 227.645,
    "train_steps_per_second": 14.24
}