{
    "epoch": 10.0,
    "eval_accuracy": 0.9937567616300036,
    "eval_f1": 0.8812709030100334,
    "eval_loss": 0.041949715465307236,
    "eval_precision": 0.8725165562913907,
    "eval_recall": 0.8902027027027027,
    "eval_runtime": 2.0068,
    "eval_samples": 1940,
    "eval_samples_per_second": 966.73,
    "eval_steps_per_second": 121.09
}