{
    "epoch": 10.0,
    "eval_accuracy": 0.9915801969750264,
    "eval_f1": 0.8595624558927312,
    "eval_loss": 0.05455562472343445,
    "eval_precision": 0.8505586592178771,
    "eval_recall": 0.8687589158345221,
    "eval_runtime": 2.1012,
    "eval_samples": 1939,
    "eval_samples_per_second": 922.811,
    "eval_steps_per_second": 115.649,
    "predict_accuracy": 0.9911453608847981,
    "predict_f1": 0.8348985980672384,
    "predict_loss": 0.0597100667655468,
    "predict_precision": 0.8176486270327913,
    "predict_recall": 0.8528921023359288,
    "predict_runtime": 11.5942,
    "predict_samples_per_second": 963.238,
    "predict_steps_per_second": 120.405,
    "total_flos": 4619323400696496.0,
    "train_loss": 0.013406832963774056,
    "train_runtime": 739.3406,
    "train_samples": 17458,
    "train_samples_per_second": 236.129,
    "train_steps_per_second": 14.77
}