{
    "epoch": 10.0,
    "eval_accuracy": 0.9915801969750264,
    "eval_f1": 0.8595624558927312,
    "eval_loss": 0.05455562472343445,
    "eval_precision": 0.8505586592178771,
    "eval_recall": 0.8687589158345221,
    "eval_runtime": 2.1012,
    "eval_samples": 1939,
    "eval_samples_per_second": 922.811,
    "eval_steps_per_second": 115.649
}