{
    "epoch": 10.0,
    "eval_accuracy": 0.9916216636664666,
    "eval_f1": 0.8267254038179149,
    "eval_loss": 0.059905339032411575,
    "eval_precision": 0.8100719424460432,
    "eval_recall": 0.8440779610194903,
    "eval_runtime": 2.2201,
    "eval_samples": 1940,
    "eval_samples_per_second": 873.832,
    "eval_steps_per_second": 109.454,
    "predict_accuracy": 0.9906127510132071,
    "predict_f1": 0.8219888146228346,
    "predict_loss": 0.06551320850849152,
    "predict_precision": 0.8066934404283802,
    "predict_recall": 0.8378754171301446,
    "predict_runtime": 12.4986,
    "predict_samples_per_second": 893.542,
    "predict_steps_per_second": 111.693,
    "total_flos": 5679445058241786.0,
    "train_loss": 0.012169143052655698,
    "train_runtime": 787.6076,
    "train_samples": 17457,
    "train_samples_per_second": 221.646,
    "train_steps_per_second": 13.865
}