{
    "epoch": 10.0,
    "eval_accuracy": 0.9916216636664666,
    "eval_f1": 0.8267254038179149,
    "eval_loss": 0.059905339032411575,
    "eval_precision": 0.8100719424460432,
    "eval_recall": 0.8440779610194903,
    "eval_runtime": 2.2201,
    "eval_samples": 1940,
    "eval_samples_per_second": 873.832,
    "eval_steps_per_second": 109.454
}