{
    "epoch": 10.0,
    "eval_accuracy": 0.9917821939948553,
    "eval_f1": 0.851063829787234,
    "eval_loss": 0.0685221254825592,
    "eval_precision": 0.8385093167701864,
    "eval_recall": 0.864,
    "eval_runtime": 2.1967,
    "eval_samples": 1940,
    "eval_samples_per_second": 883.153,
    "eval_steps_per_second": 110.622,
    "predict_accuracy": 0.9910912676947147,
    "predict_f1": 0.8259198242723779,
    "predict_loss": 0.06849261373281479,
    "predict_precision": 0.8156182212581344,
    "predict_recall": 0.8364849833147943,
    "predict_runtime": 12.5118,
    "predict_samples_per_second": 892.601,
    "predict_steps_per_second": 111.575,
    "total_flos": 5697650257805610.0,
    "train_loss": 0.012888798871565433,
    "train_runtime": 789.5769,
    "train_samples": 17457,
    "train_samples_per_second": 221.093,
    "train_steps_per_second": 13.83
}