{
    "epoch": 10.0,
    "eval_accuracy": 0.9917821939948553,
    "eval_f1": 0.851063829787234,
    "eval_loss": 0.0685221254825592,
    "eval_precision": 0.8385093167701864,
    "eval_recall": 0.864,
    "eval_runtime": 2.1967,
    "eval_samples": 1940,
    "eval_samples_per_second": 883.153,
    "eval_steps_per_second": 110.622
}