{
    "epoch": 10.0,
    "eval_accuracy": 0.9907477732513982,
    "eval_f1": 0.8553259141494436,
    "eval_loss": 0.06597117334604263,
    "eval_precision": 0.838006230529595,
    "eval_recall": 0.8733766233766234,
    "eval_runtime": 2.0445,
    "eval_samples": 1939,
    "eval_samples_per_second": 948.401,
    "eval_steps_per_second": 118.856,
    "predict_accuracy": 0.9914449539375682,
    "predict_f1": 0.8397297297297298,
    "predict_loss": 0.06153758242726326,
    "predict_precision": 0.8167718191377498,
    "predict_recall": 0.8640155728587319,
    "predict_runtime": 11.5194,
    "predict_samples_per_second": 969.492,
    "predict_steps_per_second": 121.187,
    "total_flos": 4639269913921224.0,
    "train_loss": 0.009742890728207734,
    "train_runtime": 753.4302,
    "train_samples": 17458,
    "train_samples_per_second": 231.714,
    "train_steps_per_second": 14.494
}