{
    "epoch": 10.0,
    "eval_accuracy": 0.9920043987262022,
    "eval_f1": 0.8587301587301588,
    "eval_loss": 0.05735347047448158,
    "eval_precision": 0.8400621118012422,
    "eval_recall": 0.8782467532467533,
    "eval_runtime": 2.0158,
    "eval_samples": 1940,
    "eval_samples_per_second": 962.388,
    "eval_steps_per_second": 120.547,
    "predict_accuracy": 0.9917736740926908,
    "predict_f1": 0.839145715058124,
    "predict_loss": 0.05628134310245514,
    "predict_precision": 0.8164124145186744,
    "predict_recall": 0.8631813125695217,
    "predict_runtime": 11.5496,
    "predict_samples_per_second": 966.956,
    "predict_steps_per_second": 120.869,
    "total_flos": 4636099620702720.0,
    "train_loss": 0.009425896793030776,
    "train_runtime": 760.571,
    "train_samples": 17457,
    "train_samples_per_second": 229.525,
    "train_steps_per_second": 14.358
}