{
    "predict_accuracy": 0.9907459034811048,
    "predict_f1": 0.8215359387810878,
    "predict_loss": 0.06694962829351425,
    "predict_precision": 0.8076303062869425,
    "predict_recall": 0.835928809788654,
    "predict_runtime": 12.3685,
    "predict_samples_per_second": 902.941,
    "predict_steps_per_second": 112.868
}