{
    "predict_accuracy": 0.9906127510132071,
    "predict_f1": 0.8219888146228346,
    "predict_loss": 0.06551320850849152,
    "predict_precision": 0.8066934404283802,
    "predict_recall": 0.8378754171301446,
    "predict_runtime": 12.4986,
    "predict_samples_per_second": 893.542,
    "predict_steps_per_second": 111.693
}