{
    "epoch": 10.0,
    "eval_accuracy": 0.9912712776925016,
    "eval_f1": 0.8332003192338387,
    "eval_loss": 0.06498108059167862,
    "eval_precision": 0.8194662480376766,
    "eval_recall": 0.8474025974025974,
    "eval_runtime": 2.1895,
    "eval_samples": 1940,
    "eval_samples_per_second": 886.067,
    "eval_steps_per_second": 110.987,
    "predict_accuracy": 0.9911578439286636,
    "predict_f1": 0.8217539089055065,
    "predict_loss": 0.06108760088682175,
    "predict_precision": 0.8039372173450385,
    "predict_recall": 0.8403781979977754,
    "predict_runtime": 12.5917,
    "predict_samples_per_second": 886.934,
    "predict_steps_per_second": 110.867,
    "total_flos": 5707214213844690.0,
    "train_loss": 0.01186353430124648,
    "train_runtime": 777.3716,
    "train_samples": 17457,
    "train_samples_per_second": 224.564,
    "train_steps_per_second": 14.047
}