{
    "epoch": 10.0,
    "eval_accuracy": 0.9912712776925016,
    "eval_f1": 0.8332003192338387,
    "eval_loss": 0.06498108059167862,
    "eval_precision": 0.8194662480376766,
    "eval_recall": 0.8474025974025974,
    "eval_runtime": 2.1895,
    "eval_samples": 1940,
    "eval_samples_per_second": 886.067,
    "eval_steps_per_second": 110.987
}