{
    "predict_accuracy": 0.9911578439286636,
    "predict_f1": 0.8217539089055065,
    "predict_loss": 0.06108760088682175,
    "predict_precision": 0.8039372173450385,
    "predict_recall": 0.8403781979977754,
    "predict_runtime": 12.5917,
    "predict_samples_per_second": 886.934,
    "predict_steps_per_second": 110.867
}