{
    "predict_NORMALIZABLES_f1": 0.9391395592864638,
    "predict_NORMALIZABLES_number": 961,
    "predict_NORMALIZABLES_precision": 0.9470899470899471,
    "predict_NORMALIZABLES_recall": 0.931321540062435,
    "predict_NO_NORMALIZABLES_f1": 0.34782608695652173,
    "predict_NO_NORMALIZABLES_number": 10,
    "predict_NO_NORMALIZABLES_precision": 0.3076923076923077,
    "predict_NO_NORMALIZABLES_recall": 0.4,
    "predict_PROTEINAS_f1": 0.8733371891266628,
    "predict_PROTEINAS_number": 835,
    "predict_PROTEINAS_precision": 0.8445190156599552,
    "predict_PROTEINAS_recall": 0.9041916167664671,
    "predict_UNCLEAR_f1": 0.8285714285714286,
    "predict_UNCLEAR_number": 34,
    "predict_UNCLEAR_precision": 0.8055555555555556,
    "predict_UNCLEAR_recall": 0.8529411764705882,
    "predict_loss": 0.01993180252611637,
    "predict_overall_accuracy": 0.996800681464753,
    "predict_overall_f1": 0.9028969957081545,
    "predict_overall_precision": 0.8914194915254238,
    "predict_overall_recall": 0.9146739130434782,
    "predict_runtime": 4.2586,
    "predict_samples_per_second": 928.014,
    "predict_steps_per_second": 116.002
}