{
    "predict_NORMALIZABLES_f1": 0.9397590361445783,
    "predict_NORMALIZABLES_number": 961,
    "predict_NORMALIZABLES_precision": 0.9462025316455697,
    "predict_NORMALIZABLES_recall": 0.9334027055150884,
    "predict_NO_NORMALIZABLES_f1": 0.32,
    "predict_NO_NORMALIZABLES_number": 10,
    "predict_NO_NORMALIZABLES_precision": 0.26666666666666666,
    "predict_NO_NORMALIZABLES_recall": 0.4,
    "predict_PROTEINAS_f1": 0.8842105263157894,
    "predict_PROTEINAS_number": 835,
    "predict_PROTEINAS_precision": 0.864,
    "predict_PROTEINAS_recall": 0.9053892215568863,
    "predict_UNCLEAR_f1": 0.8405797101449276,
    "predict_UNCLEAR_number": 34,
    "predict_UNCLEAR_precision": 0.8285714285714286,
    "predict_UNCLEAR_recall": 0.8529411764705882,
    "predict_loss": 0.018943844363093376,
    "predict_overall_accuracy": 0.9969294466070385,
    "predict_overall_f1": 0.9081605171020738,
    "predict_overall_precision": 0.9001601708489055,
    "predict_overall_recall": 0.9163043478260869,
    "predict_runtime": 4.2905,
    "predict_samples_per_second": 921.096,
    "predict_steps_per_second": 115.137
}