{
    "predict_NORMALIZABLES_f1": 0.9399477806788512,
    "predict_NORMALIZABLES_number": 961,
    "predict_NORMALIZABLES_precision": 0.9433962264150944,
    "predict_NORMALIZABLES_recall": 0.9365244536940687,
    "predict_NO_NORMALIZABLES_f1": 0.16666666666666666,
    "predict_NO_NORMALIZABLES_number": 10,
    "predict_NO_NORMALIZABLES_precision": 0.14285714285714285,
    "predict_NO_NORMALIZABLES_recall": 0.2,
    "predict_PROTEINAS_f1": 0.8734177215189873,
    "predict_PROTEINAS_number": 835,
    "predict_PROTEINAS_precision": 0.840531561461794,
    "predict_PROTEINAS_recall": 0.9089820359281438,
    "predict_UNCLEAR_f1": 0.8450704225352113,
    "predict_UNCLEAR_number": 34,
    "predict_UNCLEAR_precision": 0.8108108108108109,
    "predict_UNCLEAR_recall": 0.8823529411764706,
    "predict_loss": 0.021459931507706642,
    "predict_overall_accuracy": 0.9966917263443577,
    "predict_overall_f1": 0.9023479188900747,
    "predict_overall_precision": 0.8862683438155137,
    "predict_overall_recall": 0.9190217391304348,
    "predict_runtime": 4.2774,
    "predict_samples_per_second": 923.931,
    "predict_steps_per_second": 115.491
}