{
    "predict_NORMALIZABLES_f1": 0.9354838709677419,
    "predict_NORMALIZABLES_number": 961,
    "predict_NORMALIZABLES_precision": 0.9354838709677419,
    "predict_NORMALIZABLES_recall": 0.9354838709677419,
    "predict_NO_NORMALIZABLES_f1": 0.10526315789473685,
    "predict_NO_NORMALIZABLES_number": 10,
    "predict_NO_NORMALIZABLES_precision": 0.1111111111111111,
    "predict_NO_NORMALIZABLES_recall": 0.1,
    "predict_PROTEINAS_f1": 0.8753623188405797,
    "predict_PROTEINAS_number": 835,
    "predict_PROTEINAS_precision": 0.848314606741573,
    "predict_PROTEINAS_recall": 0.9041916167664671,
    "predict_UNCLEAR_f1": 0.7894736842105262,
    "predict_UNCLEAR_number": 34,
    "predict_UNCLEAR_precision": 0.7142857142857143,
    "predict_UNCLEAR_recall": 0.8823529411764706,
    "predict_loss": 0.020457129925489426,
    "predict_overall_accuracy": 0.9967016313553027,
    "predict_overall_f1": 0.9005879208979155,
    "predict_overall_precision": 0.8859095688748686,
    "predict_overall_recall": 0.9157608695652174,
    "predict_runtime": 4.3248,
    "predict_samples_per_second": 913.808,
    "predict_steps_per_second": 114.226
}