{
    "predict_NORMALIZABLES_f1": 0.9368146214099216,
    "predict_NORMALIZABLES_number": 961,
    "predict_NORMALIZABLES_precision": 0.940251572327044,
    "predict_NORMALIZABLES_recall": 0.9334027055150884,
    "predict_NO_NORMALIZABLES_f1": 0.2857142857142857,
    "predict_NO_NORMALIZABLES_number": 10,
    "predict_NO_NORMALIZABLES_precision": 0.2222222222222222,
    "predict_NO_NORMALIZABLES_recall": 0.4,
    "predict_PROTEINAS_f1": 0.8685581933989577,
    "predict_PROTEINAS_number": 835,
    "predict_PROTEINAS_precision": 0.8408071748878924,
    "predict_PROTEINAS_recall": 0.8982035928143712,
    "predict_UNCLEAR_f1": 0.8333333333333333,
    "predict_UNCLEAR_number": 34,
    "predict_UNCLEAR_precision": 0.7894736842105263,
    "predict_UNCLEAR_recall": 0.8823529411764706,
    "predict_loss": 0.021097488701343536,
    "predict_overall_accuracy": 0.9966818213334125,
    "predict_overall_f1": 0.8984500267236772,
    "predict_overall_precision": 0.8838065194532071,
    "predict_overall_recall": 0.9135869565217392,
    "predict_runtime": 4.2921,
    "predict_samples_per_second": 920.771,
    "predict_steps_per_second": 115.096
}