{
    "predict_NORMALIZABLES_f1": 0.9302809573361083,
    "predict_NORMALIZABLES_number": 961,
    "predict_NORMALIZABLES_precision": 0.9302809573361083,
    "predict_NORMALIZABLES_recall": 0.9302809573361083,
    "predict_NO_NORMALIZABLES_f1": 0.24,
    "predict_NO_NORMALIZABLES_number": 10,
    "predict_NO_NORMALIZABLES_precision": 0.2,
    "predict_NO_NORMALIZABLES_recall": 0.3,
    "predict_PROTEINAS_f1": 0.8528906697195193,
    "predict_PROTEINAS_number": 835,
    "predict_PROTEINAS_precision": 0.8168859649122807,
    "predict_PROTEINAS_recall": 0.8922155688622755,
    "predict_UNCLEAR_f1": 0.8108108108108107,
    "predict_UNCLEAR_number": 34,
    "predict_UNCLEAR_precision": 0.75,
    "predict_UNCLEAR_recall": 0.8823529411764706,
    "predict_loss": 0.020921653136610985,
    "predict_overall_accuracy": 0.9964738161035668,
    "predict_overall_f1": 0.8874734607218685,
    "predict_overall_precision": 0.8672199170124482,
    "predict_overall_recall": 0.908695652173913,
    "predict_runtime": 4.3335,
    "predict_samples_per_second": 911.961,
    "predict_steps_per_second": 113.995
}