{
    "predict_NORMALIZABLES_f1": 0.9288702928870292,
    "predict_NORMALIZABLES_number": 961,
    "predict_NORMALIZABLES_precision": 0.9337539432176656,
    "predict_NORMALIZABLES_recall": 0.9240374609781478,
    "predict_NO_NORMALIZABLES_f1": 0.18181818181818182,
    "predict_NO_NORMALIZABLES_number": 10,
    "predict_NO_NORMALIZABLES_precision": 0.13043478260869565,
    "predict_NO_NORMALIZABLES_recall": 0.3,
    "predict_PROTEINAS_f1": 0.8656195462478183,
    "predict_PROTEINAS_number": 835,
    "predict_PROTEINAS_precision": 0.8416289592760181,
    "predict_PROTEINAS_recall": 0.8910179640718563,
    "predict_UNCLEAR_f1": 0.8219178082191781,
    "predict_UNCLEAR_number": 34,
    "predict_UNCLEAR_precision": 0.7692307692307693,
    "predict_UNCLEAR_recall": 0.8823529411764706,
    "predict_loss": 0.0211865846067667,
    "predict_overall_accuracy": 0.9964341960597867,
    "predict_overall_f1": 0.8910891089108912,
    "predict_overall_precision": 0.8777016341591988,
    "predict_overall_recall": 0.904891304347826,
    "predict_runtime": 4.3413,
    "predict_samples_per_second": 910.32,
    "predict_steps_per_second": 113.79
}