{
    "predict_NORMALIZABLES_f1": 0.9261186264308012,
    "predict_NORMALIZABLES_number": 961,
    "predict_NORMALIZABLES_precision": 0.9261186264308012,
    "predict_NORMALIZABLES_recall": 0.9261186264308012,
    "predict_NO_NORMALIZABLES_f1": 0.26666666666666666,
    "predict_NO_NORMALIZABLES_number": 10,
    "predict_NO_NORMALIZABLES_precision": 0.2,
    "predict_NO_NORMALIZABLES_recall": 0.4,
    "predict_PROTEINAS_f1": 0.8607888631090488,
    "predict_PROTEINAS_number": 835,
    "predict_PROTEINAS_precision": 0.8346456692913385,
    "predict_PROTEINAS_recall": 0.888622754491018,
    "predict_UNCLEAR_f1": 0.7945205479452054,
    "predict_UNCLEAR_number": 34,
    "predict_UNCLEAR_precision": 0.7435897435897436,
    "predict_UNCLEAR_recall": 0.8529411764705882,
    "predict_loss": 0.022748829796910286,
    "predict_overall_accuracy": 0.9963846710050615,
    "predict_overall_f1": 0.8882368631635102,
    "predict_overall_precision": 0.8721843897328444,
    "predict_overall_recall": 0.904891304347826,
    "predict_runtime": 4.2922,
    "predict_samples_per_second": 920.74,
    "predict_steps_per_second": 115.092
}