{
    "predict_NORMALIZABLES_f1": 0.9323621227887617,
    "predict_NORMALIZABLES_number": 961,
    "predict_NORMALIZABLES_precision": 0.9323621227887617,
    "predict_NORMALIZABLES_recall": 0.9323621227887617,
    "predict_NO_NORMALIZABLES_f1": 0.3125,
    "predict_NO_NORMALIZABLES_number": 10,
    "predict_NO_NORMALIZABLES_precision": 0.22727272727272727,
    "predict_NO_NORMALIZABLES_recall": 0.5,
    "predict_PROTEINAS_f1": 0.8627906976744186,
    "predict_PROTEINAS_number": 835,
    "predict_PROTEINAS_precision": 0.8384180790960452,
    "predict_PROTEINAS_recall": 0.888622754491018,
    "predict_UNCLEAR_f1": 0.7792207792207793,
    "predict_UNCLEAR_number": 34,
    "predict_UNCLEAR_precision": 0.6976744186046512,
    "predict_UNCLEAR_recall": 0.8823529411764706,
    "predict_loss": 0.022998694330453873,
    "predict_overall_accuracy": 0.9964540060816767,
    "predict_overall_f1": 0.8920287923220476,
    "predict_overall_precision": 0.8754578754578755,
    "predict_overall_recall": 0.9092391304347827,
    "predict_runtime": 4.2932,
    "predict_samples_per_second": 920.533,
    "predict_steps_per_second": 115.067
}