{
    "predict_NORMALIZABLES_f1": 0.9258872651356993,
    "predict_NORMALIZABLES_number": 961,
    "predict_NORMALIZABLES_precision": 0.9287958115183246,
    "predict_NORMALIZABLES_recall": 0.922996878251821,
    "predict_NO_NORMALIZABLES_f1": 0.1818181818181818,
    "predict_NO_NORMALIZABLES_number": 10,
    "predict_NO_NORMALIZABLES_precision": 0.16666666666666666,
    "predict_NO_NORMALIZABLES_recall": 0.2,
    "predict_PROTEINAS_f1": 0.8619102416570772,
    "predict_PROTEINAS_number": 835,
    "predict_PROTEINAS_precision": 0.8294573643410853,
    "predict_PROTEINAS_recall": 0.8970059880239521,
    "predict_UNCLEAR_f1": 0.8405797101449276,
    "predict_UNCLEAR_number": 34,
    "predict_UNCLEAR_precision": 0.8285714285714286,
    "predict_UNCLEAR_recall": 0.8529411764705882,
    "predict_loss": 0.021631795912981033,
    "predict_overall_accuracy": 0.9965629612020721,
    "predict_overall_f1": 0.8902536715620828,
    "predict_overall_precision": 0.8750656167979003,
    "predict_overall_recall": 0.9059782608695652,
    "predict_runtime": 4.3047,
    "predict_samples_per_second": 918.056,
    "predict_steps_per_second": 114.757
}