{
    "epoch": 10.0,
    "eval_accuracy": 0.991740916129901,
    "eval_f1": 0.868804664723032,
    "eval_loss": 0.060117293149232864,
    "eval_precision": 0.8526466380543634,
    "eval_recall": 0.8855869242199108,
    "eval_runtime": 2.0684,
    "eval_samples": 1940,
    "eval_samples_per_second": 937.919,
    "eval_steps_per_second": 117.482,
    "predict_accuracy": 0.9915573013323569,
    "predict_f1": 0.8409526416643855,
    "predict_loss": 0.05801068991422653,
    "predict_precision": 0.8280323450134771,
    "predict_recall": 0.8542825361512792,
    "predict_runtime": 11.5639,
    "predict_samples_per_second": 965.764,
    "predict_steps_per_second": 120.721,
    "total_flos": 4621253033449098.0,
    "train_loss": 0.011108449667746767,
    "train_runtime": 751.3621,
    "train_samples": 17457,
    "train_samples_per_second": 232.338,
    "train_steps_per_second": 14.534
}