{
    "epoch": 10.0,
    "eval_accuracy": 0.9910007365126128,
    "eval_f1": 0.839171974522293,
    "eval_loss": 0.07003491371870041,
    "eval_precision": 0.8234375,
    "eval_recall": 0.8555194805194806,
    "eval_runtime": 2.2457,
    "eval_samples": 1939,
    "eval_samples_per_second": 863.418,
    "eval_steps_per_second": 108.206,
    "predict_accuracy": 0.991191132045638,
    "predict_f1": 0.8238213399503722,
    "predict_loss": 0.06493068486452103,
    "predict_precision": 0.8168398031711318,
    "predict_recall": 0.8309232480533927,
    "predict_runtime": 12.4496,
    "predict_samples_per_second": 897.059,
    "predict_steps_per_second": 112.132,
    "total_flos": 5707378036143972.0,
    "train_loss": 0.011946695162863522,
    "train_runtime": 766.3641,
    "train_samples": 17458,
    "train_samples_per_second": 227.803,
    "train_steps_per_second": 14.249
}