{
    "epoch": 10.0,
    "eval_accuracy": 0.9910007365126128,
    "eval_f1": 0.839171974522293,
    "eval_loss": 0.07003491371870041,
    "eval_precision": 0.8234375,
    "eval_recall": 0.8555194805194806,
    "eval_runtime": 2.2457,
    "eval_samples": 1939,
    "eval_samples_per_second": 863.418,
    "eval_steps_per_second": 108.206
}