{
    "epoch": 10.0,
    "eval_accuracy": 0.9913835659471346,
    "eval_f1": 0.8460966542750928,
    "eval_loss": 0.06257978826761246,
    "eval_precision": 0.8318713450292398,
    "eval_recall": 0.8608169440242057,
    "eval_runtime": 2.2488,
    "eval_samples": 1940,
    "eval_samples_per_second": 862.691,
    "eval_steps_per_second": 108.059,
    "predict_accuracy": 0.9910746236362274,
    "predict_f1": 0.8221948886155529,
    "predict_loss": 0.06025842949748039,
    "predict_precision": 0.8083848427841978,
    "predict_recall": 0.8364849833147943,
    "predict_runtime": 12.4482,
    "predict_samples_per_second": 897.155,
    "predict_steps_per_second": 112.144,
    "total_flos": 5680324391019552.0,
    "train_loss": 0.012252175582797972,
    "train_runtime": 784.6667,
    "train_samples": 17457,
    "train_samples_per_second": 222.477,
    "train_steps_per_second": 13.917
}