{
    "epoch": 10.0,
    "eval_accuracy": 0.9913835659471346,
    "eval_f1": 0.8460966542750928,
    "eval_loss": 0.06257978826761246,
    "eval_precision": 0.8318713450292398,
    "eval_recall": 0.8608169440242057,
    "eval_runtime": 2.2488,
    "eval_samples": 1940,
    "eval_samples_per_second": 862.691,
    "eval_steps_per_second": 108.059
}