{
    "epoch": 10.0,
    "eval_accuracy": 0.9908130770464386,
    "eval_f1": 0.8200161420500405,
    "eval_loss": 0.06398291140794754,
    "eval_precision": 0.8154093097913323,
    "eval_recall": 0.8246753246753247,
    "eval_runtime": 2.2029,
    "eval_samples": 1940,
    "eval_samples_per_second": 880.644,
    "eval_steps_per_second": 110.308,
    "predict_accuracy": 0.99114952189942,
    "predict_f1": 0.825979720471362,
    "predict_loss": 0.06304659694433212,
    "predict_precision": 0.8141545110750945,
    "predict_recall": 0.8381535038932146,
    "predict_runtime": 12.6676,
    "predict_samples_per_second": 881.618,
    "predict_steps_per_second": 110.202,
    "total_flos": 5985818275391226.0,
    "train_loss": 0.012252981057424684,
    "train_runtime": 790.1731,
    "train_samples": 17457,
    "train_samples_per_second": 220.926,
    "train_steps_per_second": 13.82
}