{
    "epoch": 10.0,
    "eval_accuracy": 0.9908130770464386,
    "eval_f1": 0.8200161420500405,
    "eval_loss": 0.06398291140794754,
    "eval_precision": 0.8154093097913323,
    "eval_recall": 0.8246753246753247,
    "eval_runtime": 2.2029,
    "eval_samples": 1940,
    "eval_samples_per_second": 880.644,
    "eval_steps_per_second": 110.308
}