{
    "epoch": 10.0,
    "eval_accuracy": 0.9920887145851647,
    "eval_f1": 0.8578595317725752,
    "eval_loss": 0.05282554402947426,
    "eval_precision": 0.8493377483443708,
    "eval_recall": 0.8665540540540541,
    "eval_runtime": 2.2019,
    "eval_samples": 1940,
    "eval_samples_per_second": 881.048,
    "eval_steps_per_second": 110.358,
    "predict_accuracy": 0.9909456321829515,
    "predict_f1": 0.8176462529113577,
    "predict_loss": 0.060761529952287674,
    "predict_precision": 0.8058331082905752,
    "predict_recall": 0.8298109010011123,
    "predict_runtime": 12.5263,
    "predict_samples_per_second": 891.566,
    "predict_steps_per_second": 111.446,
    "total_flos": 5704315937091972.0,
    "train_loss": 0.012659876913705589,
    "train_runtime": 770.8395,
    "train_samples": 17457,
    "train_samples_per_second": 226.467,
    "train_steps_per_second": 14.166
}