{
    "epoch": 10.0,
    "eval_accuracy": 0.9920887145851647,
    "eval_f1": 0.8578595317725752,
    "eval_loss": 0.05282554402947426,
    "eval_precision": 0.8493377483443708,
    "eval_recall": 0.8665540540540541,
    "eval_runtime": 2.2019,
    "eval_samples": 1940,
    "eval_samples_per_second": 881.048,
    "eval_steps_per_second": 110.358
}