{
    "epoch": 15.0,
    "predict_accuracy": 0.9513633014001474,
    "predict_f1": 0.7031963470319634,
    "predict_loss": 0.20479312539100647,
    "predict_precision": 0.6875,
    "predict_recall": 0.719626168224299,
    "predict_runtime": 0.075,
    "predict_samples_per_second": 666.766,
    "predict_steps_per_second": 93.347,
    "total_flos": 352855627130412.0,
    "train_loss": 0.17368721734909784,
    "train_runtime": 26.5163,
    "train_samples": 447,
    "train_samples_per_second": 252.863,
    "train_steps_per_second": 7.92
}