{
    "predict_ANAT_f1": 0.7586206896551724,
    "predict_ANAT_number": 13,
    "predict_ANAT_precision": 0.6875,
    "predict_ANAT_recall": 0.8461538461538461,
    "predict_CHEM_f1": 0.7323943661971832,
    "predict_CHEM_number": 67,
    "predict_CHEM_precision": 0.6933333333333334,
    "predict_CHEM_recall": 0.7761194029850746,
    "predict_DISO_f1": 0.696969696969697,
    "predict_DISO_number": 34,
    "predict_DISO_precision": 0.71875,
    "predict_DISO_recall": 0.6764705882352942,
    "predict_PROC_f1": 0.0,
    "predict_PROC_number": 6,
    "predict_PROC_precision": 0.0,
    "predict_PROC_recall": 0.0,
    "predict_loss": 0.22617147862911224,
    "predict_overall_accuracy": 0.9453717754172989,
    "predict_overall_f1": 0.6963562753036437,
    "predict_overall_precision": 0.6771653543307087,
    "predict_overall_recall": 0.7166666666666667,
    "predict_runtime": 0.0722,
    "predict_samples_per_second": 692.808,
    "predict_steps_per_second": 96.993
}