{
    "predict_ANAT_f1": 0.76,
    "predict_ANAT_number": 26,
    "predict_ANAT_precision": 0.7916666666666666,
    "predict_ANAT_recall": 0.7307692307692307,
    "predict_CHEM_f1": 0.7326732673267325,
    "predict_CHEM_number": 46,
    "predict_CHEM_precision": 0.6727272727272727,
    "predict_CHEM_recall": 0.8043478260869565,
    "predict_DISO_f1": 0.7216494845360826,
    "predict_DISO_number": 49,
    "predict_DISO_precision": 0.7291666666666666,
    "predict_DISO_recall": 0.7142857142857143,
    "predict_PROC_f1": 0.4210526315789473,
    "predict_PROC_number": 14,
    "predict_PROC_precision": 0.8,
    "predict_PROC_recall": 0.2857142857142857,
    "predict_loss": 0.23615984618663788,
    "predict_overall_accuracy": 0.9475218658892128,
    "predict_overall_f1": 0.7116104868913857,
    "predict_overall_precision": 0.7196969696969697,
    "predict_overall_recall": 0.7037037037037037,
    "predict_runtime": 0.0753,
    "predict_samples_per_second": 664.438,
    "predict_steps_per_second": 93.021
}