{
    "predict_ANAT_f1": 0.717948717948718,
    "predict_ANAT_number": 20,
    "predict_ANAT_precision": 0.7368421052631579,
    "predict_ANAT_recall": 0.7,
    "predict_CHEM_f1": 0.7941176470588235,
    "predict_CHEM_number": 63,
    "predict_CHEM_precision": 0.7397260273972602,
    "predict_CHEM_recall": 0.8571428571428571,
    "predict_DISO_f1": 0.7407407407407408,
    "predict_DISO_number": 51,
    "predict_DISO_precision": 0.7017543859649122,
    "predict_DISO_recall": 0.7843137254901961,
    "predict_PROC_f1": 0.28571428571428575,
    "predict_PROC_number": 5,
    "predict_PROC_precision": 0.5,
    "predict_PROC_recall": 0.2,
    "predict_loss": 0.23861388862133026,
    "predict_overall_accuracy": 0.9482014388489208,
    "predict_overall_f1": 0.7517241379310345,
    "predict_overall_precision": 0.7218543046357616,
    "predict_overall_recall": 0.7841726618705036,
    "predict_runtime": 2.6155,
    "predict_samples_per_second": 18.735,
    "predict_steps_per_second": 2.676
}