{
    "predict_ANAT_f1": 0.4571428571428572,
    "predict_ANAT_number": 13,
    "predict_ANAT_precision": 0.36363636363636365,
    "predict_ANAT_recall": 0.6153846153846154,
    "predict_CHEM_f1": 0.8108108108108109,
    "predict_CHEM_number": 55,
    "predict_CHEM_precision": 0.8035714285714286,
    "predict_CHEM_recall": 0.8181818181818182,
    "predict_DISO_f1": 0.8070175438596491,
    "predict_DISO_number": 57,
    "predict_DISO_precision": 0.8070175438596491,
    "predict_DISO_recall": 0.8070175438596491,
    "predict_PROC_f1": 0.22222222222222224,
    "predict_PROC_number": 7,
    "predict_PROC_precision": 0.5,
    "predict_PROC_recall": 0.14285714285714285,
    "predict_loss": 0.258506178855896,
    "predict_overall_accuracy": 0.9442896935933147,
    "predict_overall_f1": 0.7434944237918216,
    "predict_overall_precision": 0.7299270072992701,
    "predict_overall_recall": 0.7575757575757576,
    "predict_runtime": 0.0737,
    "predict_samples_per_second": 664.765,
    "predict_steps_per_second": 94.966
}