{
    "predict_ANAT_f1": 0.8571428571428571,
    "predict_ANAT_number": 17,
    "predict_ANAT_precision": 0.8333333333333334,
    "predict_ANAT_recall": 0.8823529411764706,
    "predict_CHEM_f1": 0.8148148148148148,
    "predict_CHEM_number": 42,
    "predict_CHEM_precision": 0.8461538461538461,
    "predict_CHEM_recall": 0.7857142857142857,
    "predict_DISO_f1": 0.6595744680851064,
    "predict_DISO_number": 41,
    "predict_DISO_precision": 0.5849056603773585,
    "predict_DISO_recall": 0.7560975609756098,
    "predict_PROC_f1": 0.0,
    "predict_PROC_number": 7,
    "predict_PROC_precision": 0.0,
    "predict_PROC_recall": 0.0,
    "predict_loss": 0.2133404016494751,
    "predict_overall_accuracy": 0.9513633014001474,
    "predict_overall_f1": 0.7181818181818181,
    "predict_overall_precision": 0.6991150442477876,
    "predict_overall_recall": 0.7383177570093458,
    "predict_runtime": 0.0725,
    "predict_samples_per_second": 689.66,
    "predict_steps_per_second": 96.552
}