{
    "predict_accuracy": 0.9415781487101669,
    "predict_f1": 0.6587301587301588,
    "predict_loss": 0.22045470774173737,
    "predict_precision": 0.6287878787878788,
    "predict_recall": 0.6916666666666667,
    "predict_runtime": 0.0789,
    "predict_samples_per_second": 633.787,
    "predict_steps_per_second": 88.73
}