{
    "predict_ANAT_f1": 0.8372093023255814,
    "predict_ANAT_number": 20,
    "predict_ANAT_precision": 0.782608695652174,
    "predict_ANAT_recall": 0.9,
    "predict_CHEM_f1": 0.8547008547008548,
    "predict_CHEM_number": 57,
    "predict_CHEM_precision": 0.8333333333333334,
    "predict_CHEM_recall": 0.8771929824561403,
    "predict_DISO_f1": 0.717948717948718,
    "predict_DISO_number": 34,
    "predict_DISO_precision": 0.6363636363636364,
    "predict_DISO_recall": 0.8235294117647058,
    "predict_PROC_f1": 0.14285714285714288,
    "predict_PROC_number": 11,
    "predict_PROC_precision": 0.3333333333333333,
    "predict_PROC_recall": 0.09090909090909091,
    "predict_loss": 0.18272829055786133,
    "predict_overall_accuracy": 0.9617131732641142,
    "predict_overall_f1": 0.7698412698412699,
    "predict_overall_precision": 0.7461538461538462,
    "predict_overall_recall": 0.7950819672131147,
    "predict_runtime": 0.0773,
    "predict_samples_per_second": 646.838,
    "predict_steps_per_second": 90.557
}