{
    "predict_ANAT_f1": 0.6666666666666667,
    "predict_ANAT_number": 13,
    "predict_ANAT_precision": 0.55,
    "predict_ANAT_recall": 0.8461538461538461,
    "predict_CHEM_f1": 0.8431372549019609,
    "predict_CHEM_number": 47,
    "predict_CHEM_precision": 0.7818181818181819,
    "predict_CHEM_recall": 0.9148936170212766,
    "predict_DISO_f1": 0.775,
    "predict_DISO_number": 42,
    "predict_DISO_precision": 0.8157894736842105,
    "predict_DISO_recall": 0.7380952380952381,
    "predict_PROC_f1": 0.0,
    "predict_PROC_number": 4,
    "predict_PROC_precision": 0.0,
    "predict_PROC_recall": 0.0,
    "predict_loss": 0.17667156457901,
    "predict_overall_accuracy": 0.961826857532379,
    "predict_overall_f1": 0.7657657657657657,
    "predict_overall_precision": 0.7327586206896551,
    "predict_overall_recall": 0.8018867924528302,
    "predict_runtime": 0.0718,
    "predict_samples_per_second": 696.06,
    "predict_steps_per_second": 97.448
}