{
    "predict_accuracy": 0.9482507288629738,
    "predict_f1": 0.7266187050359711,
    "predict_loss": 0.21605421602725983,
    "predict_precision": 0.7062937062937062,
    "predict_recall": 0.7481481481481481,
    "predict_runtime": 0.0765,
    "predict_samples_per_second": 653.504,
    "predict_steps_per_second": 91.491
}