{
    "predict_ANAT_f1": 0.7547169811320754,
    "predict_ANAT_number": 26,
    "predict_ANAT_precision": 0.7407407407407407,
    "predict_ANAT_recall": 0.7692307692307693,
    "predict_CHEM_f1": 0.743362831858407,
    "predict_CHEM_number": 52,
    "predict_CHEM_precision": 0.6885245901639344,
    "predict_CHEM_recall": 0.8076923076923077,
    "predict_DISO_f1": 0.6530612244897959,
    "predict_DISO_number": 44,
    "predict_DISO_precision": 0.5925925925925926,
    "predict_DISO_recall": 0.7272727272727273,
    "predict_PROC_f1": 0.375,
    "predict_PROC_number": 13,
    "predict_PROC_precision": 1.0,
    "predict_PROC_recall": 0.23076923076923078,
    "predict_loss": 0.2822013795375824,
    "predict_overall_accuracy": 0.9387911247130833,
    "predict_overall_f1": 0.6928571428571428,
    "predict_overall_precision": 0.6689655172413793,
    "predict_overall_recall": 0.7185185185185186,
    "predict_runtime": 0.0673,
    "predict_samples_per_second": 728.191,
    "predict_steps_per_second": 104.027
}