{
    "predict_ANAT_f1": 0.7999999999999999,
    "predict_ANAT_number": 23,
    "predict_ANAT_precision": 0.7407407407407407,
    "predict_ANAT_recall": 0.8695652173913043,
    "predict_CHEM_f1": 0.7863247863247863,
    "predict_CHEM_number": 54,
    "predict_CHEM_precision": 0.7301587301587301,
    "predict_CHEM_recall": 0.8518518518518519,
    "predict_DISO_f1": 0.7083333333333334,
    "predict_DISO_number": 25,
    "predict_DISO_precision": 0.7391304347826086,
    "predict_DISO_recall": 0.68,
    "predict_PROC_f1": 0.0,
    "predict_PROC_number": 5,
    "predict_PROC_precision": 0.0,
    "predict_PROC_recall": 0.0,
    "predict_loss": 0.20536865293979645,
    "predict_overall_accuracy": 0.9583941605839416,
    "predict_overall_f1": 0.751131221719457,
    "predict_overall_precision": 0.7280701754385965,
    "predict_overall_recall": 0.7757009345794392,
    "predict_runtime": 0.0707,
    "predict_samples_per_second": 707.279,
    "predict_steps_per_second": 99.019
}