{
    "predict_ANAT_f1": 0.7540983606557377,
    "predict_ANAT_number": 30,
    "predict_ANAT_precision": 0.7419354838709677,
    "predict_ANAT_recall": 0.7666666666666667,
    "predict_CHEM_f1": 0.8679245283018867,
    "predict_CHEM_number": 51,
    "predict_CHEM_precision": 0.8363636363636363,
    "predict_CHEM_recall": 0.9019607843137255,
    "predict_DISO_f1": 0.5806451612903226,
    "predict_DISO_number": 28,
    "predict_DISO_precision": 0.5294117647058824,
    "predict_DISO_recall": 0.6428571428571429,
    "predict_PROC_f1": 0.0,
    "predict_PROC_number": 0,
    "predict_PROC_precision": 0.0,
    "predict_PROC_recall": 0.0,
    "predict_loss": 0.16370292007923126,
    "predict_overall_accuracy": 0.9602510460251046,
    "predict_overall_f1": 0.7499999999999999,
    "predict_overall_precision": 0.7073170731707317,
    "predict_overall_recall": 0.7981651376146789,
    "predict_runtime": 0.072,
    "predict_samples_per_second": 694.794,
    "predict_steps_per_second": 97.271
}