{
    "epoch": 10.0,
    "eval_accuracy": 0.9913726382881858,
    "eval_f1": 0.848151062155783,
    "eval_loss": 0.06333111971616745,
    "eval_precision": 0.8343653250773994,
    "eval_recall": 0.8624,
    "eval_runtime": 2.0408,
    "eval_samples": 1940,
    "eval_samples_per_second": 950.607,
    "eval_steps_per_second": 119.071,
    "predict_accuracy": 0.9920316569992427,
    "predict_f1": 0.8483199564685077,
    "predict_loss": 0.05796105042099953,
    "predict_precision": 0.8303595206391478,
    "predict_recall": 0.8670745272525028,
    "predict_runtime": 11.6586,
    "predict_samples_per_second": 957.918,
    "predict_steps_per_second": 119.74,
    "total_flos": 4631579962501968.0,
    "train_loss": 0.009721317663515881,
    "train_runtime": 757.7248,
    "train_samples": 17457,
    "train_samples_per_second": 230.387,
    "train_steps_per_second": 14.412
}