{
    "predict_accuracy": 0.9920316569992427,
    "predict_f1": 0.8483199564685077,
    "predict_loss": 0.05796105042099953,
    "predict_precision": 0.8303595206391478,
    "predict_recall": 0.8670745272525028,
    "predict_runtime": 11.6586,
    "predict_samples_per_second": 957.918,
    "predict_steps_per_second": 119.74
}