{
    "epoch": 5.0,
    "eval_accuracy": 0.8954322163145965,
    "eval_loss": 0.46827536821365356,
    "eval_runtime": 14.2876,
    "eval_samples": 2199,
    "eval_samples_per_second": 153.91,
    "eval_steps_per_second": 19.247,
    "perplexity": 1.5972371704816544
}