{
    "epoch": 10.0,
    "eval_accuracy": 0.9919084003876755,
    "eval_f1": 0.8557046979865771,
    "eval_loss": 0.05689137428998947,
    "eval_precision": 0.85,
    "eval_recall": 0.8614864864864865,
    "eval_runtime": 2.2345,
    "eval_samples": 1940,
    "eval_samples_per_second": 868.207,
    "eval_steps_per_second": 108.75,
    "predict_accuracy": 0.9909539542121951,
    "predict_f1": 0.82537517053206,
    "predict_loss": 0.06652852892875671,
    "predict_precision": 0.8101231922870916,
    "predict_recall": 0.8412124582869855,
    "predict_runtime": 12.7459,
    "predict_samples_per_second": 876.206,
    "predict_steps_per_second": 109.526,
    "total_flos": 5983030744554222.0,
    "train_loss": 0.011952637251971406,
    "train_runtime": 797.076,
    "train_samples": 17457,
    "train_samples_per_second": 219.013,
    "train_steps_per_second": 13.7
}