{
    "epoch": 10.0,
    "eval_accuracy": 0.9919084003876755,
    "eval_f1": 0.8557046979865771,
    "eval_loss": 0.05689137428998947,
    "eval_precision": 0.85,
    "eval_recall": 0.8614864864864865,
    "eval_runtime": 2.2345,
    "eval_samples": 1940,
    "eval_samples_per_second": 868.207,
    "eval_steps_per_second": 108.75
}