{
    "epoch": 10.0,
    "eval_accuracy": 0.9923915278634587,
    "eval_f1": 0.8554621848739496,
    "eval_loss": 0.04824269190430641,
    "eval_precision": 0.845514950166113,
    "eval_recall": 0.8656462585034014,
    "eval_runtime": 2.0069,
    "eval_samples": 1940,
    "eval_samples_per_second": 966.647,
    "eval_steps_per_second": 121.08,
    "predict_accuracy": 0.9919151485898321,
    "predict_f1": 0.8415626695604992,
    "predict_loss": 0.056343451142311096,
    "predict_precision": 0.8215042372881356,
    "predict_recall": 0.8626251390433816,
    "predict_runtime": 11.5174,
    "predict_samples_per_second": 969.66,
    "predict_steps_per_second": 121.208,
    "total_flos": 4631735619203778.0,
    "train_loss": 0.00982932263555435,
    "train_runtime": 742.6053,
    "train_samples": 17457,
    "train_samples_per_second": 235.078,
    "train_steps_per_second": 14.705
}