{
    "epoch": 10.0,
    "eval_accuracy": 0.9923915278634587,
    "eval_f1": 0.8554621848739496,
    "eval_loss": 0.04824269190430641,
    "eval_precision": 0.845514950166113,
    "eval_recall": 0.8656462585034014,
    "eval_runtime": 2.0069,
    "eval_samples": 1940,
    "eval_samples_per_second": 966.647,
    "eval_steps_per_second": 121.08
}