{
    "epoch": 10.0,
    "eval_accuracy": 0.9917366659837465,
    "eval_f1": 0.8591885441527447,
    "eval_loss": 0.0700218454003334,
    "eval_precision": 0.8544303797468354,
    "eval_recall": 0.864,
    "eval_runtime": 2.2314,
    "eval_samples": 1940,
    "eval_samples_per_second": 869.415,
    "eval_steps_per_second": 108.901,
    "predict_accuracy": 0.9910246914607658,
    "predict_f1": 0.8220757825370676,
    "predict_loss": 0.06752584129571915,
    "predict_precision": 0.811822125813449,
    "predict_recall": 0.8325917686318132,
    "predict_runtime": 12.7474,
    "predict_samples_per_second": 876.101,
    "predict_steps_per_second": 109.513,
    "total_flos": 5975661292835742.0,
    "train_loss": 0.012320624287803094,
    "train_runtime": 791.2601,
    "train_samples": 17457,
    "train_samples_per_second": 220.623,
    "train_steps_per_second": 13.801
}