{
    "epoch": 10.0,
    "eval_accuracy": 0.9917366659837465,
    "eval_f1": 0.8591885441527447,
    "eval_loss": 0.0700218454003334,
    "eval_precision": 0.8544303797468354,
    "eval_recall": 0.864,
    "eval_runtime": 2.2314,
    "eval_samples": 1940,
    "eval_samples_per_second": 869.415,
    "eval_steps_per_second": 108.901
}