{
    "epoch": 10.0,
    "eval_accuracy": 0.9914598961338719,
    "eval_f1": 0.8425324675324676,
    "eval_loss": 0.06881445646286011,
    "eval_precision": 0.8317307692307693,
    "eval_recall": 0.8536184210526315,
    "eval_runtime": 2.23,
    "eval_samples": 1939,
    "eval_samples_per_second": 869.526,
    "eval_steps_per_second": 108.971,
    "predict_accuracy": 0.9911079117532019,
    "predict_f1": 0.8265096535670273,
    "predict_loss": 0.06584528088569641,
    "predict_precision": 0.8141354194766658,
    "predict_recall": 0.839265850945495,
    "predict_runtime": 12.6967,
    "predict_samples_per_second": 879.602,
    "predict_steps_per_second": 109.95,
    "total_flos": 5971487141478024.0,
    "train_loss": 0.012035878488432357,
    "train_runtime": 792.5903,
    "train_samples": 17458,
    "train_samples_per_second": 220.265,
    "train_steps_per_second": 13.778
}