{
    "epoch": 10.0,
    "eval_accuracy": 0.9914598961338719,
    "eval_f1": 0.8425324675324676,
    "eval_loss": 0.06881445646286011,
    "eval_precision": 0.8317307692307693,
    "eval_recall": 0.8536184210526315,
    "eval_runtime": 2.23,
    "eval_samples": 1939,
    "eval_samples_per_second": 869.526,
    "eval_steps_per_second": 108.971
}