{
    "predict_accuracy": 0.9911453608847981,
    "predict_f1": 0.8348985980672384,
    "predict_loss": 0.0597100667655468,
    "predict_precision": 0.8176486270327913,
    "predict_recall": 0.8528921023359288,
    "predict_runtime": 11.5942,
    "predict_samples_per_second": 963.238,
    "predict_steps_per_second": 120.405
}