{
    "predict_accuracy": 0.9917736740926908,
    "predict_f1": 0.839145715058124,
    "predict_loss": 0.05628134310245514,
    "predict_precision": 0.8164124145186744,
    "predict_recall": 0.8631813125695217,
    "predict_runtime": 11.5496,
    "predict_samples_per_second": 966.956,
    "predict_steps_per_second": 120.869
}