{
    "predict_accuracy": 0.9915573013323569,
    "predict_f1": 0.8409526416643855,
    "predict_loss": 0.05801068991422653,
    "predict_precision": 0.8280323450134771,
    "predict_recall": 0.8542825361512792,
    "predict_runtime": 11.5639,
    "predict_samples_per_second": 965.764,
    "predict_steps_per_second": 120.721
}