{
    "predict_NORMALIZABLES_f1": 0.9125395152792413,
    "predict_NORMALIZABLES_number": 961,
    "predict_NORMALIZABLES_precision": 0.9242262540021344,
    "predict_NORMALIZABLES_recall": 0.9011446409989594,
    "predict_NO_NORMALIZABLES_f1": 0.0,
    "predict_NO_NORMALIZABLES_number": 10,
    "predict_NO_NORMALIZABLES_precision": 0.0,
    "predict_NO_NORMALIZABLES_recall": 0.0,
    "predict_PROTEINAS_f1": 0.8450536352800954,
    "predict_PROTEINAS_number": 835,
    "predict_PROTEINAS_precision": 0.8410438908659549,
    "predict_PROTEINAS_recall": 0.8491017964071856,
    "predict_UNCLEAR_f1": 0.8125,
    "predict_UNCLEAR_number": 34,
    "predict_UNCLEAR_precision": 0.8666666666666667,
    "predict_UNCLEAR_recall": 0.7647058823529411,
    "predict_loss": 0.0278974287211895,
    "predict_overall_accuracy": 0.9957606553155242,
    "predict_overall_f1": 0.8762999452654624,
    "predict_overall_precision": 0.88257993384785,
    "predict_overall_recall": 0.8701086956521739,
    "predict_runtime": 4.7592,
    "predict_samples_per_second": 830.399,
    "predict_steps_per_second": 103.8
}