{
    "predict_NORMALIZABLES_f1": 0.9097586568730325,
    "predict_NORMALIZABLES_number": 961,
    "predict_NORMALIZABLES_precision": 0.9174603174603174,
    "predict_NORMALIZABLES_recall": 0.9021852237252862,
    "predict_NO_NORMALIZABLES_f1": 0.0,
    "predict_NO_NORMALIZABLES_number": 10,
    "predict_NO_NORMALIZABLES_precision": 0.0,
    "predict_NO_NORMALIZABLES_recall": 0.0,
    "predict_PROTEINAS_f1": 0.8519813519813518,
    "predict_PROTEINAS_number": 835,
    "predict_PROTEINAS_precision": 0.8297389330306469,
    "predict_PROTEINAS_recall": 0.8754491017964072,
    "predict_UNCLEAR_f1": 0.8181818181818182,
    "predict_UNCLEAR_number": 34,
    "predict_UNCLEAR_precision": 0.84375,
    "predict_UNCLEAR_recall": 0.7941176470588235,
    "predict_loss": 0.03013458289206028,
    "predict_overall_accuracy": 0.9956219851622936,
    "predict_overall_f1": 0.8764832793959008,
    "predict_overall_precision": 0.869914346895075,
    "predict_overall_recall": 0.8831521739130435,
    "predict_runtime": 4.7591,
    "predict_samples_per_second": 830.414,
    "predict_steps_per_second": 103.802
}