{
    "predict_NORMALIZABLES_f1": 0.9073881373569199,
    "predict_NORMALIZABLES_number": 961,
    "predict_NORMALIZABLES_precision": 0.9073881373569199,
    "predict_NORMALIZABLES_recall": 0.9073881373569199,
    "predict_NO_NORMALIZABLES_f1": 0.0,
    "predict_NO_NORMALIZABLES_number": 10,
    "predict_NO_NORMALIZABLES_precision": 0.0,
    "predict_NO_NORMALIZABLES_recall": 0.0,
    "predict_PROTEINAS_f1": 0.8486612339930151,
    "predict_PROTEINAS_number": 835,
    "predict_PROTEINAS_precision": 0.82559456398641,
    "predict_PROTEINAS_recall": 0.8730538922155688,
    "predict_UNCLEAR_f1": 0.8484848484848485,
    "predict_UNCLEAR_number": 34,
    "predict_UNCLEAR_precision": 0.875,
    "predict_UNCLEAR_recall": 0.8235294117647058,
    "predict_loss": 0.02913571149110794,
    "predict_overall_accuracy": 0.995730940282689,
    "predict_overall_f1": 0.8743961352657005,
    "predict_overall_precision": 0.8637327677624602,
    "predict_overall_recall": 0.8853260869565217,
    "predict_runtime": 4.726,
    "predict_samples_per_second": 836.23,
    "predict_steps_per_second": 104.529
}