{
    "predict_NORMALIZABLES_f1": 0.9105263157894736,
    "predict_NORMALIZABLES_number": 961,
    "predict_NORMALIZABLES_precision": 0.9211927582534611,
    "predict_NORMALIZABLES_recall": 0.9001040582726326,
    "predict_NO_NORMALIZABLES_f1": 0.0,
    "predict_NO_NORMALIZABLES_number": 10,
    "predict_NO_NORMALIZABLES_precision": 0.0,
    "predict_NO_NORMALIZABLES_recall": 0.0,
    "predict_PROTEINAS_f1": 0.848695652173913,
    "predict_PROTEINAS_number": 835,
    "predict_PROTEINAS_precision": 0.8224719101123595,
    "predict_PROTEINAS_recall": 0.8766467065868263,
    "predict_UNCLEAR_f1": 0.8529411764705882,
    "predict_UNCLEAR_number": 34,
    "predict_UNCLEAR_precision": 0.8529411764705882,
    "predict_UNCLEAR_recall": 0.8529411764705882,
    "predict_loss": 0.026386108249425888,
    "predict_overall_accuracy": 0.9959191354906447,
    "predict_overall_f1": 0.8772592392770434,
    "predict_overall_precision": 0.870915907873594,
    "predict_overall_recall": 0.883695652173913,
    "predict_runtime": 4.7172,
    "predict_samples_per_second": 837.781,
    "predict_steps_per_second": 104.723
}