{
    "predict_NORMALIZABLES_f1": 0.9149713093375066,
    "predict_NORMALIZABLES_number": 961,
    "predict_NORMALIZABLES_precision": 0.9173640167364017,
    "predict_NORMALIZABLES_recall": 0.9125910509885536,
    "predict_NO_NORMALIZABLES_f1": 0.13333333333333333,
    "predict_NO_NORMALIZABLES_number": 10,
    "predict_NO_NORMALIZABLES_precision": 0.2,
    "predict_NO_NORMALIZABLES_recall": 0.1,
    "predict_PROTEINAS_f1": 0.848235294117647,
    "predict_PROTEINAS_number": 835,
    "predict_PROTEINAS_precision": 0.8335260115606936,
    "predict_PROTEINAS_recall": 0.8634730538922155,
    "predict_UNCLEAR_f1": 0.84375,
    "predict_UNCLEAR_number": 34,
    "predict_UNCLEAR_precision": 0.9,
    "predict_UNCLEAR_recall": 0.7941176470588235,
    "predict_loss": 0.02835535630583763,
    "predict_overall_accuracy": 0.9958299903921394,
    "predict_overall_f1": 0.8798701298701299,
    "predict_overall_precision": 0.8760775862068966,
    "predict_overall_recall": 0.883695652173913,
    "predict_runtime": 4.7026,
    "predict_samples_per_second": 840.386,
    "predict_steps_per_second": 105.048
}