{
    "predict_NORMALIZABLES_f1": 0.9143763213530656,
    "predict_NORMALIZABLES_number": 961,
    "predict_NORMALIZABLES_precision": 0.9291084854994629,
    "predict_NORMALIZABLES_recall": 0.9001040582726326,
    "predict_NO_NORMALIZABLES_f1": 0.0,
    "predict_NO_NORMALIZABLES_number": 10,
    "predict_NO_NORMALIZABLES_precision": 0.0,
    "predict_NO_NORMALIZABLES_recall": 0.0,
    "predict_PROTEINAS_f1": 0.8416184971098265,
    "predict_PROTEINAS_number": 835,
    "predict_PROTEINAS_precision": 0.8134078212290503,
    "predict_PROTEINAS_recall": 0.8718562874251496,
    "predict_UNCLEAR_f1": 0.806451612903226,
    "predict_UNCLEAR_number": 34,
    "predict_UNCLEAR_precision": 0.8928571428571429,
    "predict_UNCLEAR_recall": 0.7352941176470589,
    "predict_loss": 0.030635006725788116,
    "predict_overall_accuracy": 0.9956814152279638,
    "predict_overall_f1": 0.874831035414977,
    "predict_overall_precision": 0.8703604088219473,
    "predict_overall_recall": 0.8793478260869565,
    "predict_runtime": 4.7265,
    "predict_samples_per_second": 836.13,
    "predict_steps_per_second": 104.516
}