{
    "predict_NORMALIZABLES_f1": 0.9092827004219409,
    "predict_NORMALIZABLES_number": 961,
    "predict_NORMALIZABLES_precision": 0.9219251336898395,
    "predict_NORMALIZABLES_recall": 0.8969823100936525,
    "predict_NO_NORMALIZABLES_f1": 0.0,
    "predict_NO_NORMALIZABLES_number": 10,
    "predict_NO_NORMALIZABLES_precision": 0.0,
    "predict_NO_NORMALIZABLES_recall": 0.0,
    "predict_PROTEINAS_f1": 0.8553092182030338,
    "predict_PROTEINAS_number": 835,
    "predict_PROTEINAS_precision": 0.8339021615472128,
    "predict_PROTEINAS_recall": 0.8778443113772455,
    "predict_UNCLEAR_f1": 0.7714285714285715,
    "predict_UNCLEAR_number": 34,
    "predict_UNCLEAR_precision": 0.75,
    "predict_UNCLEAR_recall": 0.7941176470588235,
    "predict_loss": 0.02922966331243515,
    "predict_overall_accuracy": 0.9958101803702493,
    "predict_overall_f1": 0.8777056277056277,
    "predict_overall_precision": 0.8739224137931034,
    "predict_overall_recall": 0.8815217391304347,
    "predict_runtime": 4.7148,
    "predict_samples_per_second": 838.21,
    "predict_steps_per_second": 104.776
}