{
    "predict_NORMALIZABLES_f1": 0.9104398516163221,
    "predict_NORMALIZABLES_number": 961,
    "predict_NORMALIZABLES_precision": 0.927645788336933,
    "predict_NORMALIZABLES_recall": 0.8938605619146722,
    "predict_NO_NORMALIZABLES_f1": 0.09523809523809525,
    "predict_NO_NORMALIZABLES_number": 10,
    "predict_NO_NORMALIZABLES_precision": 0.09090909090909091,
    "predict_NO_NORMALIZABLES_recall": 0.1,
    "predict_PROTEINAS_f1": 0.8486238532110091,
    "predict_PROTEINAS_number": 835,
    "predict_PROTEINAS_precision": 0.8140814081408141,
    "predict_PROTEINAS_recall": 0.8862275449101796,
    "predict_UNCLEAR_f1": 0.8181818181818182,
    "predict_UNCLEAR_number": 34,
    "predict_UNCLEAR_precision": 0.84375,
    "predict_UNCLEAR_recall": 0.7941176470588235,
    "predict_loss": 0.029615631327033043,
    "predict_overall_accuracy": 0.9956715102170188,
    "predict_overall_f1": 0.8752017213555674,
    "predict_overall_precision": 0.8663471778487752,
    "predict_overall_recall": 0.8842391304347826,
    "predict_runtime": 4.7203,
    "predict_samples_per_second": 837.241,
    "predict_steps_per_second": 104.655
}