{
    "predict_NORMALIZABLES_f1": 0.9138297872340425,
    "predict_NORMALIZABLES_number": 961,
    "predict_NORMALIZABLES_precision": 0.9347116430903155,
    "predict_NORMALIZABLES_recall": 0.8938605619146722,
    "predict_NO_NORMALIZABLES_f1": 0.0,
    "predict_NO_NORMALIZABLES_number": 10,
    "predict_NO_NORMALIZABLES_precision": 0.0,
    "predict_NO_NORMALIZABLES_recall": 0.0,
    "predict_PROTEINAS_f1": 0.8487690504103164,
    "predict_PROTEINAS_number": 835,
    "predict_PROTEINAS_precision": 0.8312284730195177,
    "predict_PROTEINAS_recall": 0.8670658682634731,
    "predict_UNCLEAR_f1": 0.7999999999999999,
    "predict_UNCLEAR_number": 34,
    "predict_UNCLEAR_precision": 0.8387096774193549,
    "predict_UNCLEAR_recall": 0.7647058823529411,
    "predict_loss": 0.031824223697185516,
    "predict_overall_accuracy": 0.9957606553155242,
    "predict_overall_f1": 0.8766003813674749,
    "predict_overall_precision": 0.8787547788093938,
    "predict_overall_recall": 0.8744565217391305,
    "predict_runtime": 4.7072,
    "predict_samples_per_second": 839.56,
    "predict_steps_per_second": 104.945
}