{
    "predict_NORMALIZABLES_f1": 0.9155742003146304,
    "predict_NORMALIZABLES_number": 961,
    "predict_NORMALIZABLES_precision": 0.9228329809725159,
    "predict_NORMALIZABLES_recall": 0.9084287200832466,
    "predict_NO_NORMALIZABLES_f1": 0.0,
    "predict_NO_NORMALIZABLES_number": 10,
    "predict_NO_NORMALIZABLES_precision": 0.0,
    "predict_NO_NORMALIZABLES_recall": 0.0,
    "predict_PROTEINAS_f1": 0.8546612623045743,
    "predict_PROTEINAS_number": 835,
    "predict_PROTEINAS_precision": 0.827354260089686,
    "predict_PROTEINAS_recall": 0.8838323353293414,
    "predict_UNCLEAR_f1": 0.8484848484848485,
    "predict_UNCLEAR_number": 34,
    "predict_UNCLEAR_precision": 0.875,
    "predict_UNCLEAR_recall": 0.8235294117647058,
    "predict_loss": 0.026633648201823235,
    "predict_overall_accuracy": 0.9959389455125348,
    "predict_overall_f1": 0.8823687752355316,
    "predict_overall_precision": 0.8741333333333333,
    "predict_overall_recall": 0.8907608695652174,
    "predict_runtime": 4.7116,
    "predict_samples_per_second": 838.775,
    "predict_steps_per_second": 104.847
}