{
    "epoch": 10.0,
    "eval_accuracy": 0.9917650226630167,
    "eval_f1": 0.8488458674609084,
    "eval_loss": 0.0627756118774414,
    "eval_precision": 0.8357771260997068,
    "eval_recall": 0.8623298033282905,
    "eval_runtime": 2.0661,
    "eval_samples": 1940,
    "eval_samples_per_second": 938.949,
    "eval_steps_per_second": 117.611,
    "predict_accuracy": 0.9913492506012667,
    "predict_f1": 0.8345362930682283,
    "predict_loss": 0.05994779244065285,
    "predict_precision": 0.8177208433413398,
    "predict_recall": 0.8520578420467185,
    "predict_runtime": 11.5963,
    "predict_samples_per_second": 963.068,
    "predict_steps_per_second": 120.384,
    "total_flos": 4623284736170100.0,
    "train_loss": 0.009387733798214804,
    "train_runtime": 750.8749,
    "train_samples": 17457,
    "train_samples_per_second": 232.489,
    "train_steps_per_second": 14.543
}