{
    "predict_accuracy": 0.9913492506012667,
    "predict_f1": 0.8345362930682283,
    "predict_loss": 0.05994779244065285,
    "predict_precision": 0.8177208433413398,
    "predict_recall": 0.8520578420467185,
    "predict_runtime": 11.5963,
    "predict_samples_per_second": 963.068,
    "predict_steps_per_second": 120.384
}