{
    "epoch": 10.0,
    "eval_accuracy": 0.9913906520484709,
    "eval_f1": 0.840909090909091,
    "eval_loss": 0.05956536903977394,
    "eval_precision": 0.8301282051282052,
    "eval_recall": 0.8519736842105263,
    "eval_runtime": 2.1896,
    "eval_samples": 1939,
    "eval_samples_per_second": 885.55,
    "eval_steps_per_second": 110.979,
    "predict_accuracy": 0.9903048359311935,
    "predict_f1": 0.8192344367252418,
    "predict_loss": 0.06744088232517242,
    "predict_precision": 0.8029372496662216,
    "predict_recall": 0.8362068965517241,
    "predict_runtime": 12.4735,
    "predict_samples_per_second": 895.34,
    "predict_steps_per_second": 111.918,
    "total_flos": 5694005849583888.0,
    "train_loss": 0.012249793480713289,
    "train_runtime": 793.4808,
    "train_samples": 17458,
    "train_samples_per_second": 220.018,
    "train_steps_per_second": 13.762
}