{
    "epoch": 10.0,
    "eval_accuracy": 0.9913906520484709,
    "eval_f1": 0.840909090909091,
    "eval_loss": 0.05956536903977394,
    "eval_precision": 0.8301282051282052,
    "eval_recall": 0.8519736842105263,
    "eval_runtime": 2.1896,
    "eval_samples": 1939,
    "eval_samples_per_second": 885.55,
    "eval_steps_per_second": 110.979
}