{
    "epoch": 10.0,
    "eval_accuracy": 0.9907327155143676,
    "eval_f1": 0.8294117647058823,
    "eval_loss": 0.06907692551612854,
    "eval_precision": 0.8138528138528138,
    "eval_recall": 0.8455772113943029,
    "eval_runtime": 2.2495,
    "eval_samples": 1940,
    "eval_samples_per_second": 862.413,
    "eval_steps_per_second": 108.024,
    "predict_accuracy": 0.9906876492763995,
    "predict_f1": 0.8219816362888859,
    "predict_loss": 0.06891333311796188,
    "predict_precision": 0.8103215347203458,
    "predict_recall": 0.8339822024471635,
    "predict_runtime": 12.6083,
    "predict_samples_per_second": 885.763,
    "predict_steps_per_second": 110.72,
    "total_flos": 5955721414158960.0,
    "train_loss": 0.012255638432535496,
    "train_runtime": 786.3127,
    "train_samples": 17457,
    "train_samples_per_second": 222.011,
    "train_steps_per_second": 13.888
}