{
    "epoch": 10.0,
    "eval_NORMALIZABLES_f1": 0.9148936170212766,
    "eval_NORMALIZABLES_number": 236,
    "eval_NORMALIZABLES_precision": 0.9188034188034188,
    "eval_NORMALIZABLES_recall": 0.9110169491525424,
    "eval_NO_NORMALIZABLES_f1": 0.0,
    "eval_NO_NORMALIZABLES_number": 1,
    "eval_NO_NORMALIZABLES_precision": 0.0,
    "eval_NO_NORMALIZABLES_recall": 0.0,
    "eval_PROTEINAS_f1": 0.9318181818181818,
    "eval_PROTEINAS_number": 132,
    "eval_PROTEINAS_precision": 0.9318181818181818,
    "eval_PROTEINAS_recall": 0.9318181818181818,
    "eval_UNCLEAR_f1": 0.75,
    "eval_UNCLEAR_number": 9,
    "eval_UNCLEAR_precision": 0.8571428571428571,
    "eval_UNCLEAR_recall": 0.6666666666666666,
    "eval_loss": 0.017361348494887352,
    "eval_overall_accuracy": 0.9970342543621176,
    "eval_overall_f1": 0.9148936170212767,
    "eval_overall_precision": 0.9197860962566845,
    "eval_overall_recall": 0.91005291005291,
    "eval_runtime": 0.9716,
    "eval_samples": 813,
    "eval_samples_per_second": 836.796,
    "eval_steps_per_second": 104.985,
    "predict_NORMALIZABLES_f1": 0.9073783359497646,
    "predict_NORMALIZABLES_number": 961,
    "predict_NORMALIZABLES_precision": 0.9126315789473685,
    "predict_NORMALIZABLES_recall": 0.9021852237252862,
    "predict_NO_NORMALIZABLES_f1": 0.18181818181818182,
    "predict_NO_NORMALIZABLES_number": 10,
    "predict_NO_NORMALIZABLES_precision": 1.0,
    "predict_NO_NORMALIZABLES_recall": 0.1,
    "predict_PROTEINAS_f1": 0.8448576409064497,
    "predict_PROTEINAS_number": 835,
    "predict_PROTEINAS_precision": 0.8205417607223476,
    "predict_PROTEINAS_recall": 0.8706586826347306,
    "predict_UNCLEAR_f1": 0.78125,
    "predict_UNCLEAR_number": 34,
    "predict_UNCLEAR_precision": 0.8333333333333334,
    "predict_UNCLEAR_recall": 0.7352941176470589,
    "predict_loss": 0.03024166449904442,
    "predict_overall_accuracy": 0.9956219851622936,
    "predict_overall_f1": 0.8740221203129215,
    "predict_overall_precision": 0.8677021960364221,
    "predict_overall_recall": 0.8804347826086957,
    "predict_runtime": 4.6543,
    "predict_samples_per_second": 849.104,
    "predict_steps_per_second": 106.138,
    "total_flos": 2414726732152656.0,
    "train_loss": 0.008132739591221102,
    "train_runtime": 332.1755,
    "train_samples": 7316,
    "train_samples_per_second": 220.245,
    "train_steps_per_second": 13.788
}