{
    "epoch": 10.0,
    "eval_NORMALIZABLES_f1": 0.9148936170212766,
    "eval_NORMALIZABLES_number": 236,
    "eval_NORMALIZABLES_precision": 0.9188034188034188,
    "eval_NORMALIZABLES_recall": 0.9110169491525424,
    "eval_NO_NORMALIZABLES_f1": 0.0,
    "eval_NO_NORMALIZABLES_number": 1,
    "eval_NO_NORMALIZABLES_precision": 0.0,
    "eval_NO_NORMALIZABLES_recall": 0.0,
    "eval_PROTEINAS_f1": 0.9318181818181818,
    "eval_PROTEINAS_number": 132,
    "eval_PROTEINAS_precision": 0.9318181818181818,
    "eval_PROTEINAS_recall": 0.9318181818181818,
    "eval_UNCLEAR_f1": 0.75,
    "eval_UNCLEAR_number": 9,
    "eval_UNCLEAR_precision": 0.8571428571428571,
    "eval_UNCLEAR_recall": 0.6666666666666666,
    "eval_loss": 0.017361348494887352,
    "eval_overall_accuracy": 0.9970342543621176,
    "eval_overall_f1": 0.9148936170212767,
    "eval_overall_precision": 0.9197860962566845,
    "eval_overall_recall": 0.91005291005291,
    "eval_runtime": 0.9716,
    "eval_samples": 813,
    "eval_samples_per_second": 836.796,
    "eval_steps_per_second": 104.985
}