{
    "predict_NORMALIZABLES_f1": 0.9073783359497646,
    "predict_NORMALIZABLES_number": 961,
    "predict_NORMALIZABLES_precision": 0.9126315789473685,
    "predict_NORMALIZABLES_recall": 0.9021852237252862,
    "predict_NO_NORMALIZABLES_f1": 0.18181818181818182,
    "predict_NO_NORMALIZABLES_number": 10,
    "predict_NO_NORMALIZABLES_precision": 1.0,
    "predict_NO_NORMALIZABLES_recall": 0.1,
    "predict_PROTEINAS_f1": 0.8448576409064497,
    "predict_PROTEINAS_number": 835,
    "predict_PROTEINAS_precision": 0.8205417607223476,
    "predict_PROTEINAS_recall": 0.8706586826347306,
    "predict_UNCLEAR_f1": 0.78125,
    "predict_UNCLEAR_number": 34,
    "predict_UNCLEAR_precision": 0.8333333333333334,
    "predict_UNCLEAR_recall": 0.7352941176470589,
    "predict_loss": 0.03024166449904442,
    "predict_overall_accuracy": 0.9956219851622936,
    "predict_overall_f1": 0.8740221203129215,
    "predict_overall_precision": 0.8677021960364221,
    "predict_overall_recall": 0.8804347826086957,
    "predict_runtime": 4.6543,
    "predict_samples_per_second": 849.104,
    "predict_steps_per_second": 106.138
}