{
    "epoch": 10.0,
    "eval_accuracy": 0.9916828515937393,
    "eval_f1": 0.8581024349286314,
    "eval_loss": 0.06291298568248749,
    "eval_precision": 0.8474295190713101,
    "eval_recall": 0.8690476190476191,
    "eval_runtime": 2.2334,
    "eval_samples": 1940,
    "eval_samples_per_second": 868.612,
    "eval_steps_per_second": 108.8,
    "predict_accuracy": 0.9914948861130298,
    "predict_f1": 0.8303387738307504,
    "predict_loss": 0.06173977255821228,
    "predict_precision": 0.8192151556156969,
    "predict_recall": 0.8417686318131257,
    "predict_runtime": 12.8958,
    "predict_samples_per_second": 866.02,
    "predict_steps_per_second": 108.252,
    "total_flos": 5975218819522728.0,
    "train_loss": 0.01198999643353097,
    "train_runtime": 788.5254,
    "train_samples": 17457,
    "train_samples_per_second": 221.388,
    "train_steps_per_second": 13.849
}