{
    "epoch": 10.0,
    "eval_accuracy": 0.9916828515937393,
    "eval_f1": 0.8581024349286314,
    "eval_loss": 0.06291298568248749,
    "eval_precision": 0.8474295190713101,
    "eval_recall": 0.8690476190476191,
    "eval_runtime": 2.2334,
    "eval_samples": 1940,
    "eval_samples_per_second": 868.612,
    "eval_steps_per_second": 108.8
}