{
    "epoch": 10.0,
    "eval_accuracy": 0.9922215810732833,
    "eval_f1": 0.8589951377633711,
    "eval_loss": 0.053354162722826004,
    "eval_precision": 0.8466453674121406,
    "eval_recall": 0.8717105263157895,
    "eval_runtime": 2.0292,
    "eval_samples": 1939,
    "eval_samples_per_second": 955.557,
    "eval_steps_per_second": 119.753,
    "predict_accuracy": 0.9916113945224404,
    "predict_f1": 0.838604588027691,
    "predict_loss": 0.059558164328336716,
    "predict_precision": 0.8191461150888358,
    "predict_recall": 0.8590100111234705,
    "predict_runtime": 11.6386,
    "predict_samples_per_second": 959.567,
    "predict_steps_per_second": 119.946,
    "total_flos": 4631411547054108.0,
    "train_loss": 0.01046051908107031,
    "train_runtime": 773.0958,
    "train_samples": 17458,
    "train_samples_per_second": 225.819,
    "train_steps_per_second": 14.125
}