{
    "epoch": 10.0,
    "eval_accuracy": 0.9922215810732833,
    "eval_f1": 0.8589951377633711,
    "eval_loss": 0.053354162722826004,
    "eval_precision": 0.8466453674121406,
    "eval_recall": 0.8717105263157895,
    "eval_runtime": 2.0292,
    "eval_samples": 1939,
    "eval_samples_per_second": 955.557,
    "eval_steps_per_second": 119.753
}