{
    "predict_accuracy": 0.9916113945224404,
    "predict_f1": 0.838604588027691,
    "predict_loss": 0.059558164328336716,
    "predict_precision": 0.8191461150888358,
    "predict_recall": 0.8590100111234705,
    "predict_runtime": 11.6386,
    "predict_samples_per_second": 959.567,
    "predict_steps_per_second": 119.946
}