{
    "predict_ANAT_f1": 0.6666666666666667,
    "predict_ANAT_number": 13,
    "predict_ANAT_precision": 0.5882352941176471,
    "predict_ANAT_recall": 0.7692307692307693,
    "predict_CHEM_f1": 0.8453608247422681,
    "predict_CHEM_number": 47,
    "predict_CHEM_precision": 0.82,
    "predict_CHEM_recall": 0.8723404255319149,
    "predict_DISO_f1": 0.7654320987654322,
    "predict_DISO_number": 42,
    "predict_DISO_precision": 0.7948717948717948,
    "predict_DISO_recall": 0.7380952380952381,
    "predict_PROC_f1": 0.0,
    "predict_PROC_number": 4,
    "predict_PROC_precision": 0.0,
    "predict_PROC_recall": 0.0,
    "predict_loss": 0.17222705483436584,
    "predict_overall_accuracy": 0.9625085207907293,
    "predict_overall_f1": 0.7627906976744188,
    "predict_overall_precision": 0.7522935779816514,
    "predict_overall_recall": 0.7735849056603774,
    "predict_runtime": 0.0735,
    "predict_samples_per_second": 680.163,
    "predict_steps_per_second": 95.223
}