{
    "predict_accuracy": 0.9428969359331476,
    "predict_f1": 0.7636363636363637,
    "predict_loss": 0.270630419254303,
    "predict_precision": 0.7342657342657343,
    "predict_recall": 0.7954545454545454,
    "predict_runtime": 0.0761,
    "predict_samples_per_second": 643.473,
    "predict_steps_per_second": 91.925
}