{
    "predict_ANAT_f1": 0.7333333333333334,
    "predict_ANAT_number": 13,
    "predict_ANAT_precision": 0.6470588235294118,
    "predict_ANAT_recall": 0.8461538461538461,
    "predict_CHEM_f1": 0.786206896551724,
    "predict_CHEM_number": 67,
    "predict_CHEM_precision": 0.7307692307692307,
    "predict_CHEM_recall": 0.8507462686567164,
    "predict_DISO_f1": 0.7941176470588235,
    "predict_DISO_number": 34,
    "predict_DISO_precision": 0.7941176470588235,
    "predict_DISO_recall": 0.7941176470588235,
    "predict_PROC_f1": 0.3636363636363636,
    "predict_PROC_number": 6,
    "predict_PROC_precision": 0.4,
    "predict_PROC_recall": 0.3333333333333333,
    "predict_loss": 0.2279091775417328,
    "predict_overall_accuracy": 0.9499241274658573,
    "predict_overall_f1": 0.7637795275590551,
    "predict_overall_precision": 0.7238805970149254,
    "predict_overall_recall": 0.8083333333333333,
    "predict_runtime": 0.0743,
    "predict_samples_per_second": 673.053,
    "predict_steps_per_second": 94.227
}