{
    "predict_ANAT_f1": 0.8571428571428572,
    "predict_ANAT_number": 23,
    "predict_ANAT_precision": 0.8076923076923077,
    "predict_ANAT_recall": 0.9130434782608695,
    "predict_CHEM_f1": 0.8495575221238938,
    "predict_CHEM_number": 54,
    "predict_CHEM_precision": 0.8135593220338984,
    "predict_CHEM_recall": 0.8888888888888888,
    "predict_DISO_f1": 0.8510638297872342,
    "predict_DISO_number": 25,
    "predict_DISO_precision": 0.9090909090909091,
    "predict_DISO_recall": 0.8,
    "predict_PROC_f1": 0.0,
    "predict_PROC_number": 5,
    "predict_PROC_precision": 0.0,
    "predict_PROC_recall": 0.0,
    "predict_loss": 0.22813573479652405,
    "predict_overall_accuracy": 0.964963503649635,
    "predict_overall_f1": 0.827906976744186,
    "predict_overall_precision": 0.8240740740740741,
    "predict_overall_recall": 0.8317757009345794,
    "predict_runtime": 0.0724,
    "predict_samples_per_second": 690.307,
    "predict_steps_per_second": 96.643
}