{
    "predict_accuracy": 0.9662556781310837,
    "predict_f1": 0.8016194331983807,
    "predict_loss": 0.16200312972068787,
    "predict_precision": 0.792,
    "predict_recall": 0.8114754098360656,
    "predict_runtime": 0.0799,
    "predict_samples_per_second": 625.51,
    "predict_steps_per_second": 87.571
}