{
    "predict_ANAT_f1": 0.5142857142857142,
    "predict_ANAT_number": 13,
    "predict_ANAT_precision": 0.4090909090909091,
    "predict_ANAT_recall": 0.6923076923076923,
    "predict_CHEM_f1": 0.810344827586207,
    "predict_CHEM_number": 55,
    "predict_CHEM_precision": 0.7704918032786885,
    "predict_CHEM_recall": 0.8545454545454545,
    "predict_DISO_f1": 0.8347826086956522,
    "predict_DISO_number": 57,
    "predict_DISO_precision": 0.8275862068965517,
    "predict_DISO_recall": 0.8421052631578947,
    "predict_PROC_f1": 0.22222222222222224,
    "predict_PROC_number": 7,
    "predict_PROC_precision": 0.5,
    "predict_PROC_recall": 0.14285714285714285,
    "predict_loss": 0.27063050866127014,
    "predict_overall_accuracy": 0.9428969359331476,
    "predict_overall_f1": 0.7636363636363637,
    "predict_overall_precision": 0.7342657342657343,
    "predict_overall_recall": 0.7954545454545454,
    "predict_runtime": 0.0765,
    "predict_samples_per_second": 640.23,
    "predict_steps_per_second": 91.461
}