{
    "predict_accuracy": 0.9553956834532374,
    "predict_f1": 0.7789473684210527,
    "predict_loss": 0.21274974942207336,
    "predict_precision": 0.7602739726027398,
    "predict_recall": 0.7985611510791367,
    "predict_runtime": 0.0761,
    "predict_samples_per_second": 643.822,
    "predict_steps_per_second": 91.975
}