{
    "predict_ANAT_f1": 0.746268656716418,
    "predict_ANAT_number": 30,
    "predict_ANAT_precision": 0.6756756756756757,
    "predict_ANAT_recall": 0.8333333333333334,
    "predict_CHEM_f1": 0.854368932038835,
    "predict_CHEM_number": 51,
    "predict_CHEM_precision": 0.8461538461538461,
    "predict_CHEM_recall": 0.8627450980392157,
    "predict_DISO_f1": 0.6071428571428571,
    "predict_DISO_number": 28,
    "predict_DISO_precision": 0.6071428571428571,
    "predict_DISO_recall": 0.6071428571428571,
    "predict_PROC_f1": 0.0,
    "predict_PROC_number": 0,
    "predict_PROC_precision": 0.0,
    "predict_PROC_recall": 0.0,
    "predict_loss": 0.17557132244110107,
    "predict_overall_accuracy": 0.9602510460251046,
    "predict_overall_f1": 0.7478260869565218,
    "predict_overall_precision": 0.7107438016528925,
    "predict_overall_recall": 0.7889908256880734,
    "predict_runtime": 0.076,
    "predict_samples_per_second": 657.503,
    "predict_steps_per_second": 92.05
}