{
    "predict_accuracy": 0.9499241274658573,
    "predict_f1": 0.7637795275590551,
    "predict_loss": 0.22790920734405518,
    "predict_precision": 0.7238805970149254,
    "predict_recall": 0.8083333333333333,
    "predict_runtime": 0.0743,
    "predict_samples_per_second": 673.342,
    "predict_steps_per_second": 94.268
}