{
    "predict_accuracy": 0.964963503649635,
    "predict_f1": 0.827906976744186,
    "predict_loss": 0.22813573479652405,
    "predict_precision": 0.8240740740740741,
    "predict_recall": 0.8317757009345794,
    "predict_runtime": 0.072,
    "predict_samples_per_second": 694.295,
    "predict_steps_per_second": 97.201
}