{
    "predict_ANAT_f1": 0.7916666666666666,
    "predict_ANAT_number": 26,
    "predict_ANAT_precision": 0.8636363636363636,
    "predict_ANAT_recall": 0.7307692307692307,
    "predict_CHEM_f1": 0.7789473684210526,
    "predict_CHEM_number": 46,
    "predict_CHEM_precision": 0.7551020408163265,
    "predict_CHEM_recall": 0.8043478260869565,
    "predict_DISO_f1": 0.7706422018348624,
    "predict_DISO_number": 49,
    "predict_DISO_precision": 0.7,
    "predict_DISO_recall": 0.8571428571428571,
    "predict_PROC_f1": 0.21052631578947364,
    "predict_PROC_number": 14,
    "predict_PROC_precision": 0.4,
    "predict_PROC_recall": 0.14285714285714285,
    "predict_loss": 0.201426163315773,
    "predict_overall_accuracy": 0.9533527696793003,
    "predict_overall_f1": 0.7380073800738007,
    "predict_overall_precision": 0.7352941176470589,
    "predict_overall_recall": 0.7407407407407407,
    "predict_runtime": 0.0769,
    "predict_samples_per_second": 650.262,
    "predict_steps_per_second": 91.037
}