{
    "predict_ANAT_f1": 0.8205128205128205,
    "predict_ANAT_number": 20,
    "predict_ANAT_precision": 0.8421052631578947,
    "predict_ANAT_recall": 0.8,
    "predict_CHEM_f1": 0.7941176470588235,
    "predict_CHEM_number": 63,
    "predict_CHEM_precision": 0.7397260273972602,
    "predict_CHEM_recall": 0.8571428571428571,
    "predict_DISO_f1": 0.7843137254901961,
    "predict_DISO_number": 51,
    "predict_DISO_precision": 0.7843137254901961,
    "predict_DISO_recall": 0.7843137254901961,
    "predict_PROC_f1": 0.25,
    "predict_PROC_number": 5,
    "predict_PROC_precision": 0.3333333333333333,
    "predict_PROC_recall": 0.2,
    "predict_loss": 0.21274979412555695,
    "predict_overall_accuracy": 0.9553956834532374,
    "predict_overall_f1": 0.7789473684210527,
    "predict_overall_precision": 0.7602739726027398,
    "predict_overall_recall": 0.7985611510791367,
    "predict_runtime": 0.077,
    "predict_samples_per_second": 636.623,
    "predict_steps_per_second": 90.946
}