{
    "predict_ANAT_f1": 0.8333333333333333,
    "predict_ANAT_number": 17,
    "predict_ANAT_precision": 0.7894736842105263,
    "predict_ANAT_recall": 0.8823529411764706,
    "predict_CHEM_f1": 0.8409090909090908,
    "predict_CHEM_number": 42,
    "predict_CHEM_precision": 0.8043478260869565,
    "predict_CHEM_recall": 0.8809523809523809,
    "predict_DISO_f1": 0.7560975609756099,
    "predict_DISO_number": 41,
    "predict_DISO_precision": 0.7560975609756098,
    "predict_DISO_recall": 0.7560975609756098,
    "predict_PROC_f1": 0.2,
    "predict_PROC_number": 7,
    "predict_PROC_precision": 0.3333333333333333,
    "predict_PROC_recall": 0.14285714285714285,
    "predict_loss": 0.18664607405662537,
    "predict_overall_accuracy": 0.9646278555637435,
    "predict_overall_f1": 0.7777777777777778,
    "predict_overall_precision": 0.7706422018348624,
    "predict_overall_recall": 0.7850467289719626,
    "predict_runtime": 0.0739,
    "predict_samples_per_second": 676.612,
    "predict_steps_per_second": 94.726
}