{
    "predict_ANAT_f1": 0.7307692307692306,
    "predict_ANAT_number": 26,
    "predict_ANAT_precision": 0.7307692307692307,
    "predict_ANAT_recall": 0.7307692307692307,
    "predict_CHEM_f1": 0.8148148148148148,
    "predict_CHEM_number": 52,
    "predict_CHEM_precision": 0.7857142857142857,
    "predict_CHEM_recall": 0.8461538461538461,
    "predict_DISO_f1": 0.6595744680851063,
    "predict_DISO_number": 44,
    "predict_DISO_precision": 0.62,
    "predict_DISO_recall": 0.7045454545454546,
    "predict_PROC_f1": 0.3529411764705882,
    "predict_PROC_number": 13,
    "predict_PROC_precision": 0.75,
    "predict_PROC_recall": 0.23076923076923078,
    "predict_loss": 0.2941855490207672,
    "predict_overall_accuracy": 0.9357306809487376,
    "predict_overall_f1": 0.7158671586715867,
    "predict_overall_precision": 0.7132352941176471,
    "predict_overall_recall": 0.7185185185185186,
    "predict_runtime": 0.069,
    "predict_samples_per_second": 710.462,
    "predict_steps_per_second": 101.495
}