{
    "predict_accuracy": 0.9625085207907293,
    "predict_f1": 0.7627906976744188,
    "predict_loss": 0.17222712934017181,
    "predict_precision": 0.7522935779816514,
    "predict_recall": 0.7735849056603774,
    "predict_runtime": 0.0732,
    "predict_samples_per_second": 683.283,
    "predict_steps_per_second": 95.66
}