{
    "predict_ANAT_f1": 0.75,
    "predict_ANAT_number": 20,
    "predict_ANAT_precision": 0.75,
    "predict_ANAT_recall": 0.75,
    "predict_CHEM_f1": 0.9152542372881356,
    "predict_CHEM_number": 57,
    "predict_CHEM_precision": 0.8852459016393442,
    "predict_CHEM_recall": 0.9473684210526315,
    "predict_DISO_f1": 0.7397260273972601,
    "predict_DISO_number": 34,
    "predict_DISO_precision": 0.6923076923076923,
    "predict_DISO_recall": 0.7941176470588235,
    "predict_PROC_f1": 0.37499999999999994,
    "predict_PROC_number": 11,
    "predict_PROC_precision": 0.6,
    "predict_PROC_recall": 0.2727272727272727,
    "predict_loss": 0.16200309991836548,
    "predict_overall_accuracy": 0.9662556781310837,
    "predict_overall_f1": 0.8016194331983807,
    "predict_overall_precision": 0.792,
    "predict_overall_recall": 0.8114754098360656,
    "predict_runtime": 0.0802,
    "predict_samples_per_second": 623.521,
    "predict_steps_per_second": 87.293
}