{
    "epoch": 10.0,
    "eval_accuracy": 0.9910745691171298,
    "eval_f1": 0.8407643312101911,
    "eval_loss": 0.057542894035577774,
    "eval_precision": 0.8342696629213483,
    "eval_recall": 0.8473609129814551,
    "eval_runtime": 2.2737,
    "eval_samples": 1939,
    "eval_samples_per_second": 852.785,
    "eval_steps_per_second": 106.873,
    "predict_accuracy": 0.9910080474022785,
    "predict_f1": 0.8263489454943851,
    "predict_loss": 0.06135857477784157,
    "predict_precision": 0.8140852671343767,
    "predict_recall": 0.8389877641824249,
    "predict_runtime": 12.4639,
    "predict_samples_per_second": 896.026,
    "predict_steps_per_second": 112.003,
    "total_flos": 5677894105071948.0,
    "train_loss": 0.012277237965892522,
    "train_runtime": 768.8869,
    "train_samples": 17458,
    "train_samples_per_second": 227.056,
    "train_steps_per_second": 14.202
}