{
    "predict_accuracy": 0.9910080474022785,
    "predict_f1": 0.8263489454943851,
    "predict_loss": 0.06135857477784157,
    "predict_precision": 0.8140852671343767,
    "predict_recall": 0.8389877641824249,
    "predict_runtime": 12.4639,
    "predict_samples_per_second": 896.026,
    "predict_steps_per_second": 112.003
}