{
    "epoch": 10.0,
    "eval_accuracy": 0.9907705763211195,
    "eval_f1": 0.8281868566904197,
    "eval_loss": 0.06745478510856628,
    "eval_precision": 0.8083462132921174,
    "eval_recall": 0.849025974025974,
    "eval_runtime": 2.2855,
    "eval_samples": 1939,
    "eval_samples_per_second": 848.376,
    "eval_steps_per_second": 106.32,
    "predict_accuracy": 0.9913034794404267,
    "predict_f1": 0.8295360966236619,
    "predict_loss": 0.06459776312112808,
    "predict_precision": 0.8189701897018971,
    "predict_recall": 0.8403781979977754,
    "predict_runtime": 12.691,
    "predict_samples_per_second": 879.997,
    "predict_steps_per_second": 110.0,
    "total_flos": 5984550056033856.0,
    "train_loss": 0.012204615747208124,
    "train_runtime": 778.9928,
    "train_samples": 17458,
    "train_samples_per_second": 224.11,
    "train_steps_per_second": 14.018
}