{
    "predict_accuracy": 0.9913034794404267,
    "predict_f1": 0.8295360966236619,
    "predict_loss": 0.06459776312112808,
    "predict_precision": 0.8189701897018971,
    "predict_recall": 0.8403781979977754,
    "predict_runtime": 12.691,
    "predict_samples_per_second": 879.997,
    "predict_steps_per_second": 110.0
}