{
    "epoch": 10.0,
    "eval_accuracy": 0.9925552246766522,
    "eval_f1": 0.8518518518518519,
    "eval_loss": 0.04939914122223854,
    "eval_precision": 0.8418740849194729,
    "eval_recall": 0.8620689655172413,
    "eval_runtime": 2.0422,
    "eval_samples": 1940,
    "eval_samples_per_second": 949.933,
    "eval_steps_per_second": 118.986,
    "predict_accuracy": 0.9919900468530246,
    "predict_f1": 0.8482768090072773,
    "predict_loss": 0.058111563324928284,
    "predict_precision": 0.8378085164090046,
    "predict_recall": 0.8590100111234705,
    "predict_runtime": 11.5827,
    "predict_samples_per_second": 964.196,
    "predict_steps_per_second": 120.525,
    "total_flos": 4620064939016922.0,
    "train_loss": 0.010888151434888116,
    "train_runtime": 763.8547,
    "train_samples": 17457,
    "train_samples_per_second": 228.538,
    "train_steps_per_second": 14.296
}