{
    "predict_accuracy": 0.9919900468530246,
    "predict_f1": 0.8482768090072773,
    "predict_loss": 0.058111563324928284,
    "predict_precision": 0.8378085164090046,
    "predict_recall": 0.8590100111234705,
    "predict_runtime": 11.5827,
    "predict_samples_per_second": 964.196,
    "predict_steps_per_second": 120.525
}