{
    "predict_NORMALIZABLES_f1": 0.9059561128526646,
    "predict_NORMALIZABLES_number": 961,
    "predict_NORMALIZABLES_precision": 0.9097586568730325,
    "predict_NORMALIZABLES_recall": 0.9021852237252862,
    "predict_NO_NORMALIZABLES_f1": 0.18181818181818182,
    "predict_NO_NORMALIZABLES_number": 10,
    "predict_NO_NORMALIZABLES_precision": 1.0,
    "predict_NO_NORMALIZABLES_recall": 0.1,
    "predict_PROTEINAS_f1": 0.8363636363636363,
    "predict_PROTEINAS_number": 835,
    "predict_PROTEINAS_precision": 0.8195402298850575,
    "predict_PROTEINAS_recall": 0.8538922155688623,
    "predict_UNCLEAR_f1": 0.819672131147541,
    "predict_UNCLEAR_number": 34,
    "predict_UNCLEAR_precision": 0.9259259259259259,
    "predict_UNCLEAR_recall": 0.7352941176470589,
    "predict_loss": 0.029691284522414207,
    "predict_overall_accuracy": 0.9954139799324478,
    "predict_overall_f1": 0.8702248713085885,
    "predict_overall_precision": 0.8676391139924365,
    "predict_overall_recall": 0.8728260869565218,
    "predict_runtime": 4.6537,
    "predict_samples_per_second": 849.217,
    "predict_steps_per_second": 106.152
}