{
    "predict_NORMALIZABLES_f1": 0.8999999999999999,
    "predict_NORMALIZABLES_number": 961,
    "predict_NORMALIZABLES_precision": 0.9105431309904153,
    "predict_NORMALIZABLES_recall": 0.8896982310093653,
    "predict_NO_NORMALIZABLES_f1": 0.0,
    "predict_NO_NORMALIZABLES_number": 10,
    "predict_NO_NORMALIZABLES_precision": 0.0,
    "predict_NO_NORMALIZABLES_recall": 0.0,
    "predict_PROTEINAS_f1": 0.8435136707388017,
    "predict_PROTEINAS_number": 835,
    "predict_PROTEINAS_precision": 0.8201357466063348,
    "predict_PROTEINAS_recall": 0.8682634730538922,
    "predict_UNCLEAR_f1": 0.676056338028169,
    "predict_UNCLEAR_number": 34,
    "predict_UNCLEAR_precision": 0.6486486486486487,
    "predict_UNCLEAR_recall": 0.7058823529411765,
    "predict_loss": 0.03224595636129379,
    "predict_overall_accuracy": 0.9953743598886676,
    "predict_overall_f1": 0.8665586169638033,
    "predict_overall_precision": 0.8614393125671321,
    "predict_overall_recall": 0.8717391304347826,
    "predict_runtime": 4.6411,
    "predict_samples_per_second": 851.53,
    "predict_steps_per_second": 106.441
}