{
    "predict_NORMALIZABLES_f1": 0.8949294302143231,
    "predict_NORMALIZABLES_number": 961,
    "predict_NORMALIZABLES_precision": 0.8991596638655462,
    "predict_NORMALIZABLES_recall": 0.890738813735692,
    "predict_NO_NORMALIZABLES_f1": 0.0,
    "predict_NO_NORMALIZABLES_number": 10,
    "predict_NO_NORMALIZABLES_precision": 0.0,
    "predict_NO_NORMALIZABLES_recall": 0.0,
    "predict_PROTEINAS_f1": 0.8367466354593329,
    "predict_PROTEINAS_number": 835,
    "predict_PROTEINAS_precision": 0.8180778032036613,
    "predict_PROTEINAS_recall": 0.8562874251497006,
    "predict_UNCLEAR_f1": 0.7301587301587301,
    "predict_UNCLEAR_number": 34,
    "predict_UNCLEAR_precision": 0.7931034482758621,
    "predict_UNCLEAR_recall": 0.6764705882352942,
    "predict_loss": 0.030433569103479385,
    "predict_overall_accuracy": 0.9954238849433928,
    "predict_overall_f1": 0.8625541125541126,
    "predict_overall_precision": 0.8588362068965517,
    "predict_overall_recall": 0.866304347826087,
    "predict_runtime": 4.626,
    "predict_samples_per_second": 854.31,
    "predict_steps_per_second": 106.789
}