{
    "predict_NORMALIZABLES_f1": 0.9033942558746737,
    "predict_NORMALIZABLES_number": 961,
    "predict_NORMALIZABLES_precision": 0.9067085953878407,
    "predict_NORMALIZABLES_recall": 0.9001040582726326,
    "predict_NO_NORMALIZABLES_f1": 0.125,
    "predict_NO_NORMALIZABLES_number": 10,
    "predict_NO_NORMALIZABLES_precision": 0.16666666666666666,
    "predict_NO_NORMALIZABLES_recall": 0.1,
    "predict_PROTEINAS_f1": 0.8378849506101104,
    "predict_PROTEINAS_number": 835,
    "predict_PROTEINAS_precision": 0.8137697516930023,
    "predict_PROTEINAS_recall": 0.8634730538922155,
    "predict_UNCLEAR_f1": 0.7419354838709677,
    "predict_UNCLEAR_number": 34,
    "predict_UNCLEAR_precision": 0.8214285714285714,
    "predict_UNCLEAR_recall": 0.6764705882352942,
    "predict_loss": 0.030750738456845284,
    "predict_overall_accuracy": 0.995453599976228,
    "predict_overall_f1": 0.8669897684437264,
    "predict_overall_precision": 0.8591248665955176,
    "predict_overall_recall": 0.875,
    "predict_runtime": 4.6822,
    "predict_samples_per_second": 844.051,
    "predict_steps_per_second": 105.506
}