{
    "predict_NORMALIZABLES_f1": 0.9001568217459488,
    "predict_NORMALIZABLES_number": 961,
    "predict_NORMALIZABLES_precision": 0.9044117647058824,
    "predict_NORMALIZABLES_recall": 0.8959417273673257,
    "predict_NO_NORMALIZABLES_f1": 0.0909090909090909,
    "predict_NO_NORMALIZABLES_number": 10,
    "predict_NO_NORMALIZABLES_precision": 0.08333333333333333,
    "predict_NO_NORMALIZABLES_recall": 0.1,
    "predict_PROTEINAS_f1": 0.8350634371395618,
    "predict_PROTEINAS_number": 835,
    "predict_PROTEINAS_precision": 0.8053392658509455,
    "predict_PROTEINAS_recall": 0.8670658682634731,
    "predict_UNCLEAR_f1": 0.7936507936507937,
    "predict_UNCLEAR_number": 34,
    "predict_UNCLEAR_precision": 0.8620689655172413,
    "predict_UNCLEAR_recall": 0.7352941176470589,
    "predict_loss": 0.029600201174616814,
    "predict_overall_accuracy": 0.9954040749215027,
    "predict_overall_f1": 0.8633440514469453,
    "predict_overall_precision": 0.8514799154334038,
    "predict_overall_recall": 0.8755434782608695,
    "predict_runtime": 4.6173,
    "predict_samples_per_second": 855.905,
    "predict_steps_per_second": 106.988
}