{
    "predict_NORMALIZABLES_f1": 0.8916929547844374,
    "predict_NORMALIZABLES_number": 961,
    "predict_NORMALIZABLES_precision": 0.9011689691817216,
    "predict_NORMALIZABLES_recall": 0.882414151925078,
    "predict_NO_NORMALIZABLES_f1": 0.0,
    "predict_NO_NORMALIZABLES_number": 10,
    "predict_NO_NORMALIZABLES_precision": 0.0,
    "predict_NO_NORMALIZABLES_recall": 0.0,
    "predict_PROTEINAS_f1": 0.8476357267950961,
    "predict_PROTEINAS_number": 835,
    "predict_PROTEINAS_precision": 0.826879271070615,
    "predict_PROTEINAS_recall": 0.8694610778443114,
    "predict_UNCLEAR_f1": 0.6388888888888888,
    "predict_UNCLEAR_number": 34,
    "predict_UNCLEAR_precision": 0.6052631578947368,
    "predict_UNCLEAR_recall": 0.6764705882352942,
    "predict_loss": 0.03209864720702171,
    "predict_overall_accuracy": 0.9953347398448875,
    "predict_overall_f1": 0.8623110151187905,
    "predict_overall_precision": 0.8567596566523605,
    "predict_overall_recall": 0.8679347826086956,
    "predict_runtime": 4.6342,
    "predict_samples_per_second": 852.792,
    "predict_steps_per_second": 106.599
}