{
    "predict_NORMALIZABLES_f1": 0.9123359580052495,
    "predict_NORMALIZABLES_number": 961,
    "predict_NORMALIZABLES_precision": 0.9205508474576272,
    "predict_NORMALIZABLES_recall": 0.9042663891779397,
    "predict_NO_NORMALIZABLES_f1": 0.0,
    "predict_NO_NORMALIZABLES_number": 10,
    "predict_NO_NORMALIZABLES_precision": 0.0,
    "predict_NO_NORMALIZABLES_recall": 0.0,
    "predict_PROTEINAS_f1": 0.8403263403263403,
    "predict_PROTEINAS_number": 835,
    "predict_PROTEINAS_precision": 0.8183881952326901,
    "predict_PROTEINAS_recall": 0.8634730538922155,
    "predict_UNCLEAR_f1": 0.746268656716418,
    "predict_UNCLEAR_number": 34,
    "predict_UNCLEAR_precision": 0.7575757575757576,
    "predict_UNCLEAR_recall": 0.7352941176470589,
    "predict_loss": 0.02999231219291687,
    "predict_overall_accuracy": 0.995740845293634,
    "predict_overall_f1": 0.8727370980815995,
    "predict_overall_precision": 0.8678130037614186,
    "predict_overall_recall": 0.8777173913043478,
    "predict_runtime": 4.6329,
    "predict_samples_per_second": 853.027,
    "predict_steps_per_second": 106.628
}