{
    "predict_NORMALIZABLES_f1": 0.9064143007360673,
    "predict_NORMALIZABLES_number": 961,
    "predict_NORMALIZABLES_precision": 0.9160467587672688,
    "predict_NORMALIZABLES_recall": 0.8969823100936525,
    "predict_NO_NORMALIZABLES_f1": 0.0,
    "predict_NO_NORMALIZABLES_number": 10,
    "predict_NO_NORMALIZABLES_precision": 0.0,
    "predict_NO_NORMALIZABLES_recall": 0.0,
    "predict_PROTEINAS_f1": 0.8404441846873174,
    "predict_PROTEINAS_number": 835,
    "predict_PROTEINAS_precision": 0.8207762557077626,
    "predict_PROTEINAS_recall": 0.8610778443113772,
    "predict_UNCLEAR_f1": 0.7301587301587301,
    "predict_UNCLEAR_number": 34,
    "predict_UNCLEAR_precision": 0.7931034482758621,
    "predict_UNCLEAR_recall": 0.6764705882352942,
    "predict_loss": 0.029136735945940018,
    "predict_overall_accuracy": 0.9956219851622936,
    "predict_overall_f1": 0.8700840791971792,
    "predict_overall_precision": 0.8684353004872767,
    "predict_overall_recall": 0.8717391304347826,
    "predict_runtime": 4.6201,
    "predict_samples_per_second": 855.397,
    "predict_steps_per_second": 106.925
}