{
    "predict_NORMALIZABLES_f1": 0.9044117647058824,
    "predict_NORMALIZABLES_number": 961,
    "predict_NORMALIZABLES_precision": 0.9130434782608695,
    "predict_NORMALIZABLES_recall": 0.8959417273673257,
    "predict_NO_NORMALIZABLES_f1": 0.0,
    "predict_NO_NORMALIZABLES_number": 10,
    "predict_NO_NORMALIZABLES_precision": 0.0,
    "predict_NO_NORMALIZABLES_recall": 0.0,
    "predict_PROTEINAS_f1": 0.8394919168591224,
    "predict_PROTEINAS_number": 835,
    "predict_PROTEINAS_precision": 0.810479375696767,
    "predict_PROTEINAS_recall": 0.8706586826347306,
    "predict_UNCLEAR_f1": 0.746268656716418,
    "predict_UNCLEAR_number": 34,
    "predict_UNCLEAR_precision": 0.7575757575757576,
    "predict_UNCLEAR_recall": 0.7352941176470589,
    "predict_loss": 0.02893759496510029,
    "predict_overall_accuracy": 0.9953941699105577,
    "predict_overall_f1": 0.866505506312114,
    "predict_overall_precision": 0.8566117896972916,
    "predict_overall_recall": 0.8766304347826087,
    "predict_runtime": 4.6293,
    "predict_samples_per_second": 853.699,
    "predict_steps_per_second": 106.712
}