{
    "predict_accuracy": 0.991299318425805,
    "predict_f1": 0.8259619334520061,
    "predict_loss": 0.061561036854982376,
    "predict_precision": 0.8135958996493121,
    "predict_recall": 0.8387096774193549,
    "predict_runtime": 12.6716,
    "predict_samples_per_second": 881.344,
    "predict_steps_per_second": 110.168
}