{
    "predict_accuracy": 0.9914948861130298,
    "predict_f1": 0.8303387738307504,
    "predict_loss": 0.06173977255821228,
    "predict_precision": 0.8192151556156969,
    "predict_recall": 0.8417686318131257,
    "predict_runtime": 12.8958,
    "predict_samples_per_second": 866.02,
    "predict_steps_per_second": 108.252
}