{
    "predict_accuracy": 0.9910246914607658,
    "predict_f1": 0.8220757825370676,
    "predict_loss": 0.06752584129571915,
    "predict_precision": 0.811822125813449,
    "predict_recall": 0.8325917686318132,
    "predict_runtime": 12.7474,
    "predict_samples_per_second": 876.101,
    "predict_steps_per_second": 109.513
}