{
    "predict_accuracy": 0.9911994540748816,
    "predict_f1": 0.8294286888614879,
    "predict_loss": 0.06191626563668251,
    "predict_precision": 0.8174453146097759,
    "predict_recall": 0.8417686318131257,
    "predict_runtime": 12.7513,
    "predict_samples_per_second": 875.832,
    "predict_steps_per_second": 109.479
}