{
    "predict_accuracy": 0.99114952189942,
    "predict_f1": 0.825979720471362,
    "predict_loss": 0.06304659694433212,
    "predict_precision": 0.8141545110750945,
    "predict_recall": 0.8381535038932146,
    "predict_runtime": 12.6676,
    "predict_samples_per_second": 881.618,
    "predict_steps_per_second": 110.202
}