{
    "epoch": 5.0,
    "total_flos": 4.63200116746752e+16,
    "train_loss": 0.7383110732798555,
    "train_runtime": 3468.6847,
    "train_samples": 41788,
    "train_samples_per_second": 60.236,
    "train_steps_per_second": 3.765
}